code,sharia_unit,bic,office_code,name,short_name
001,0,INDOIDJA,0016,BANK INDONESIA,BI
002,0,BRINIDJA,0307,PT. BANK RAKYAT INDONESIA (PERSERO),BRI
008,0,BMRIIDJA,0017,PT. BANK MANDIRI (PERSERO) TBK,BANK MANDIRI
009,0,BNINIDJA,0010,PT. BANK NEGARA INDONESIA (PERSERO),BANK BNI
011,0,BDINIDJA,0042,PT. BANK DANAMON INDONESIA Tbk.,BANK DANAMON
011,1,SYBDIDJ1,9920,PT. BANK DANAMON INDONESIA UNIT USAHA SYARIAH,BANK DANAMON UUS
013,0,BBBAIDJA,0475,"PT. BANK PERMATA,TBK",BANK PERMATA
013,1,SYBBIDJ1,9926,"PT. BANK PERMATA,TBK UNIT USAHA SYARIAH",BANK PERMATA UUS
014,0,CENAIDJA,0397,PT. BANK CENTRAL ASIA Tbk.,BCA
016,0,IBBKIDJA,0131,PT. BANK MAYBANK INDONESIA Tbk.,BANK MAYBANK
016,1,SYBKIDJ1,9925,PT. BANK MAYBANK INDONESIA Tbk. UNIT USAHA SYARIAH,BANK MAYBANK UUS
019,0,PINBIDJA,0017,PT. PANIN BANK Tbk.,PANIN BANK
022,0,BNIAIDJA,0026,PT. BANK CIMB NIAGA TBK,BANK CIMB
022,1,SYNAIDJ1,9920,PT. BANK CIMB NIAGA TBK - UNIT USAHA SYARIAH,BANK CIMB NIAGA UUS
023,0,BBIJIDJA,0016,PT. BANK UOB INDONESIA,UOB INDONESIA
028,0,NISPIDJA,0024,"PT. BANK OCBC NISP, Tbk.",BANK OCBC NISP
028,1,SYONIDJ1,9928,PT. BANK OCBC NISP TBK - UNIT USAHA SYARIAH,BANK OCBC NISP - UUS
031,0,CITIIDJX,0305,"CITIBANK, NA",CITIBANK
032,0,CHASIDJX,0308,"KC JPMORGAN CHASE BANK, N.A",JPMORGAN BANK
033,0,BOFAID2X,0301,BANK OF AMERICA NA,BOA
036,0,MCORIDJA,0300,"PT. BANK CHINA CONSTRUCTION BANK INDONESIA, TBK",CHINA CONSTRUCTION B
037,0,ARTGIDJA,0028,"PT. BANK ARTHA GRAHA INTERNASIONAL, TBK",BAG INTERNASIONAL
042,0,BOTKIDJX,0305,"MUFG BANK, LTD",BTMU
046,0,DBSBIDJA,0307,PT. BANK DBS INDONESIA,DBS
047,0,BPIAIDJA,0300,PT. BANK RESONA PERDANIA,BANK RESONA
048,0,MHCCIDJA,0303,PT. BANK MIZUHO INDONESIA,BANK MIZUHO
050,0,SCBLIDJX,0306,STANDARD CHARTERED BANK,STANDCHARD
054,0,BCIAIDJA,0308,PT BANK CAPITAL INDONESIA,BANK CAPITAL
057,0,BNPAIDJA,0307,PT. BANK BNP PARIBAS INDONESIA,BNP PARIBAS
061,0,ANZBIDJX,0306,PT. BANK ANZ INDONESIA,ANZ INDONESIA
067,0,DEUTIDJA,0304,DEUTSCHE BANK AG.,DEUTSCHE BANK
069,0,BKCHIDJA,0300,BANK OF CHINA (HONG KONG) LIMITED,BOC LIMITED
076,0,BBAIIDJA,0010,PT. BANK BUMI ARTA,BBA
087,0,HSBCIDJA,0010,PT. BANK HSBC INDONESIA,BANK HSBC INDONESIA
095,0,CICTIDJA,0011,"PT. BANK JTRUST INDONESIA, TBK",BANK JTRUST
097,0,MAYAIDJA,0017,PT. BANK MAYAPADA Tbk.,BANK MAYAPADA
110,0,PDJBIDJA,0323,PT. BANK PEMBANGUNAN DAERAH JABAR DAN BANTEN,BANK JABAR
111,0,BDKIIDJ1,0012,PT. BANK DKI,BANK DKI
111,1,SYDKIDJ1,9916,PT. BANK DKI UNIT USAHA SYARIAH,BANK DKI UUS
112,0,PDYKIDJ1,0015,PT. BANK PEMBANGUNAN DAERAH DIY,BANK BPD DIY
112,1,SYYKIDJ1,9922,PT. BANK PEMBANGUNAN DAERAH DIY UNIT USAHA SYARIAH,BANK BPD DIY UUS
113,0,PDJGIDJ1,0348,PT. BANK PEMBANGUNAN DAERAH JAWA TENGAH,BANK JATENG
113,1,SYJGIDJ1,9938,PT. BANK PEMBANGUNAN DAERAH JATENG UNIT USAHA SYARIAH,BANK JATENG UUS
114,0,PDJTIDJ1,0383,PT. BANK PEMBANGUNAN DAERAH JATIM,BANK JATIM
114,1,SYJTIDJ1,9928,PT. BANK PEMBANGUNAN DAERAH JATIM - UNIT USAHA SYARIAH,BANK JATIM - UUS
115,0,PDJMIDJ1,0014,PT. BANK PEMBANGUNAN DAERAH JAMBI,BPD JAMBI
115,1,SYJMIDJ1,9918,PT. BANK PEMBANGUNAN DAERAH JAMBI UUS,BPD JAMBI UUS
116,0,SYACIDJ1,9900,PT. BANK ACEH SYARIAH,BANK ACEH
117,0,PDSUIDJ1,0010,PT. BANK PEMBANGUNAN DAERAH SUMUT,BANK SUMUT
117,1,SYSUIDJ1,9927,PT. BANK PEMBANGUNAN DAERAH SUMUT UUS,BPD SUMUT UUS
118,0,PDSBIDJ1,0013,PT. BANK PEMBANGUNAN DAERAH SUMATERA BARAT,BANK NAGARI
118,1,SYSBIDJ1,9920,PT. BANK NAGARI - UNIT USAHA SYARIAH,BANK NAGARI - UUS
119,0,PDRIIDJA,0016,PT. BANK PEMBANGUNAN DAERAH RIAU KEPRI SYARIAH,BPD RIAU KEPRI SYARIAH
120,0,BSSPIDSP,0016,PT. BPD SUMSEL DAN BABEL,BPD SUMSEL BABEL
120,1,SYSSIDJ1,9923,PT. BPD SUMSEL DAN BABEL UNIT USAHA SYARIAH,BPD SUMSEL BABEL UUS
121,0,PDLPIDJ1,0051,PT. BANK PEMBANGUNAN DAERAH LAMPUNG,BANK LAMPUNG
122,0,PDKSIDJ1,0012,PT. BANK PEMBANGUNAN DAERAH KALSEL,BPD KALSEL
122,1,SYKSIDJ1,9929,PT. BANK PEMBANGUNAN DAERAH KALSEL - UNIT USAHA SY,BPD KALSEL UUS
123,0,PDKBIDJ1,0015,PT. BANK PEMBANGUNAN DAERAH KALBAR,BPD KALBAR
123,1,SYKBIDJ1,9922,PT. BANK PEMBANGUNAN DAERAH KALBAR UUS,BPD KALBAR UUS
124,0,PDKTIDJ1,0018,PT. BANK PEMBANGUNAN DAERAH KALTIM DAN KALTARA,BPD KALTIMTARA
124,1,SYKTIDJ1,9925,PT. BANK PEMBANGUNAN DAERAH KALTIM DAN KALTARA-UNIT,BPD KALTIMTARA UUS
125,0,PDKGIDJ1,0011,PT. BPD KALIMANTAN TENGAH,BPD KALTENG
126,0,PDWSIDJ1,0027,PT. BANK SULSELBAR,BANK SULSELBAR
126,1,SYWSIDJ1,9947,PT. BANK SULSELBAR UNIT USAHA SYARIAH,BANK SULSELBAR UUS
127,0,PDWUIDJ1,0017,PT. BANK PEMBANGUNAN DAERAH SULUT,BPD SULUT
128,0,PDNBIDJ1,0010,PT. BANK PEMBANGUNAN DAERAH NTB SYARIAH,BPD NTB SYARIAH
129,0,ABALIDBS,0013,PT. BANK PEMBANGUNAN DAERAH BALI,BPD BALI
130,0,PDNTIDJ1,0013,PT. BANK PEMBANGUNAN DAERAH NTT,BPD NTT
131,0,PDMLIDJ1,0016,PT. BANK PEMBANGUNAN DAERAH MALUKU,BANK MALUKU
132,0,PDIJIDJ1,0019,PT. BANK PEMBANGUNAN DAERAH PAPUA,BPD PAPUA
133,0,PDBKIDJ1,0012,PT. BPD BENGKULU,BANK BENGKULU
134,0,PDWGIDJ1,0015,PT. BPD SULAWESI TENGAH,BPD SULTENG
135,0,PDWRIDJ1,0018,PT. BPD SULAWESI TENGGARA,BPD SULTRA
137,0,PDBBIDJ1,0014,PT. BANK PEMBANGUNAN DAERAH BANTEN,BPD BANTEN
146,0,SWBAIDJ1,0047,"PT. BANK OF INDIA INDONESIA, TBK",BANK OF INDIA IND
147,0,MUABIDJA,0011,PT. BANK MUAMALAT INDONESIA,BANK MUAMALAT
151,0,MEDHIDS1,0010,PT. BANK MESTIKA DHARMA,BANK MESTIKA
152,0,MEEKIDJ1,0013,PT. BANK SHINHAN INDONESIA,BANK SHINHAN IND
153,0,SBJKIDJA,0016,PT. BANK SINARMAS,BANK SINARMAS
157,0,MASDIDJ1,0018,PT. BANK MASPION,BANK MASPION
161,0,GNESIDJA,0017,PT. BANK GANESHA,BANK GANESHA
164,0,ICBKIDJA,0016,PT. BANK ICBC INDONESIA,BANK ICBC
167,0,AWANIDJA,0015,"PT. BANK QNB INDONESIA,TBK",BANK QNB
200,0,BTANIDJA,0150,PT. BANK TABUNGAN NEGARA (PERSERO),BTN
200,1,SYBTIDJ1,9928,PT. BANK TABUNGAN NEGARA (PERSERO) UNIT USAHA SYARIAH,BTN UUS
212,0,BSDRIDJA,0027,"PT. BANK WOORI SAUDARA INDONESIA 1906,TBK",BANK WOORI SAUDARA
213,0,SUNIIDJA,0101,BANK SMBC INDONESIA,BANK SMBC
253,0,NANOIDJ1,0015,PT. BANK NANO SYARIAH,BANK NANO SYARIAH
405,0,SWAGIDJ1,0072,PT. BANK VICTORIA SYARIAH,BANK VICTORIA SYARIAH
425,0,SYJBIDJ1,0018,PT. BANK JABAR BANTEN SYARIAH,BANK JABAR SYARIAH
426,0,MEGAIDJA,0121,PT. BANK MEGA Tbk.,BANK MEGA
441,0,BBUKIDJA,0010,PT. BANK BUKOPIN Tbk.,BUKOPIN
451,0,BSMDIDJA,0017,PT. BANK SYARIAH INDONESIA,BANK BSI
459,0,BUSTIDJ1,0011,PT. KROM BANK INDONESIA,KROM BANK
472,0,JSABIDJ1,0014,PT. BANK JASA JAKARTA,BANK JASA JAKARTA
484,0,HNBNIDJA,0017,PT. BANK KEB HANA INDONESIA,BANK KEB HANA
485,0,BUMIIDJA,0010,"PT. BANK MNC INTERNASIONAL, TBK",MNC BANK
490,0,YUDBIDJ1,0012,"PT. BANK NEO COMMERCE, Tbk.",BANK NEO COMMERCE
494,0,AGTBIDJA,0014,"PT. BANK RAYA INDONESIA, TBK",BANK RAYA
498,0,IDMOIDJ1,0016,PT. BANK SBI INDONESIA,BANK SBI
501,0,ROYBIDJ1,0011,PT. BANK DIGITAL BCA,BANK DIGITAL BCA
503,0,LFIBIDJ1,0017,PT. BANK NATIONALNOBU,BANK NATIONALNOBU
506,0,BUTGIDJ1,0016,PT. BANK MEGA SYARIAH,BANK MEGA SYARIAH
513,0,IAPTIDJA,0014,PT. BANK INA PERDANA,BANK INA
517,0,ARFAIDJ1,0016,PT. BANK PANIN DUBAI SYARIAH,BANK PANIN DUBAI SYARIAH
521,0,SDOBIDJ1,0031,PT. BANK KB BUKOPIN SYARIAH,BANK KB BUKOPIN SYARIAH
523,0,SAHMIDJA,0011,PT. BANK SAHABAT SAMPOERNA,BANK SAMPOERNA
526,0,LMANIDJ1,0010,PT. BANK OKE INDONESIA,BANK OKE
531,0,LOMAIDJ1,0012,PT. BANK AMAR INDONESIA,BANK AMAR
535,0,SSPIIDJA,0014,PT. BANK SEABANK INDONESIA,BANK SEABANK
536,0,SYCAIDJ1,0017,PT. BANK BCA SYARIAH,BANK BCA SYARIAH
542,0,JAGBIDJA,0012,PT. BANK JAGO Tbk,BANK JAGO
542,1,SYATIDJ1,9903,PT. BANK JAGO TBK UNIT USAHA SYARIAH,BANK JAGO UUS
547,0,PUBAIDJ1,0046,PT. BANK BTPN SYARIAH,BANK BTPN SYARIAH
548,0,BMSEIDJA,0010,PT. BANK MULTI ARTA SENTOSA,BANK MAS
553,0,MAYOIDJA,0012,PT. BANK HIBANK INDONESIA,BANK HIBANK
555,0,BIDXIDJA,0018,BANK INDEX SELINDO,BANK INDEX
562,0,FAMAIDJ1,0016,PT. SUPER BANK INDONESIA,SUPER BANK
564,0,SIHBIDJ1,0012,PT. BANK MANDIRI TASPEN,BANK MANDIRI TASPEN
566,0,VICTIDJ1,0018,PT. BANK VICTORIA INTERNATIONAL,BANK VICTORIA
567,0,HRDAIDJ1,0011,PT. ALLO BANK INDONESIA,BANK ALLO
945,0,IBKOIDJA,0305,PT. BANK IBK INDONESIA,BANK IBK
947,0,NETBIDJA,0302,PT. BANK ALADIN SYARIAH,BANK ALADIN SYARIAH
949,0,CTCBIDJA,0307,PT. BANK CTBC INDONESIA,CTBC INDONESIA
