date,kind,name_id,name_en,basis
2020-01-01,national,Tahun Baru 2020 Masehi,New Year's Day,SKB 744/05/06 Tahun 2020
2020-01-25,national,Tahun Baru Imlek 2571 Kongzili,Chinese New Year,SKB 744/05/06 Tahun 2020
2020-03-22,national,Isra Mikraj Nabi Muhammad SAW,Isra Mi'raj of the Prophet Muhammad,SKB 744/05/06 Tahun 2020
2020-03-25,national,Hari Suci Nyepi Tahun Baru Saka 1942,Day of Silence (Nyepi),SKB 744/05/06 Tahun 2020
2020-04-10,national,Wafat Isa Al Masih,Good Friday,SKB 744/05/06 Tahun 2020
2020-05-01,national,Hari Buruh Internasional,International Labour Day,SKB 744/05/06 Tahun 2020
2020-05-07,national,Hari Raya Waisak 2564,Vesak Day,SKB 744/05/06 Tahun 2020
2020-05-21,national,Kenaikan Isa Al Masih,Ascension Day,SKB 744/05/06 Tahun 2020
2020-05-24,national,Hari Raya Idul Fitri 1441 Hijriyah,Eid al-Fitr,SKB 744/05/06 Tahun 2020
2020-05-25,national,Hari Raya Idul Fitri 1441 Hijriyah,Eid al-Fitr,SKB 744/05/06 Tahun 2020
2020-06-01,national,Hari Lahir Pancasila,Pancasila Day,SKB 744/05/06 Tahun 2020
2020-07-31,national,Hari Raya Idul Adha 1441 Hijriyah,Eid al-Adha,SKB 744/05/06 Tahun 2020
2020-08-17,national,Hari Kemerdekaan Republik Indonesia,Independence Day,SKB 744/05/06 Tahun 2020
2020-08-20,national,Tahun Baru Islam 1442 Hijriyah,Islamic New Year,SKB 744/05/06 Tahun 2020
2020-08-21,collective_leave,Tahun Baru Islam 1442 Hijriyah,Islamic New Year,SKB 744/05/06 Tahun 2020
2020-10-28,collective_leave,Maulid Nabi Muhammad SAW,Prophet Muhammad's Birthday,SKB 744/05/06 Tahun 2020
2020-10-29,national,Maulid Nabi Muhammad SAW,Prophet Muhammad's Birthday,SKB 744/05/06 Tahun 2020
2020-10-30,collective_leave,Maulid Nabi Muhammad SAW,Prophet Muhammad's Birthday,SKB 744/05/06 Tahun 2020
2020-12-09,national,Pemungutan Suara Pemilihan Kepala Daerah Serentak 2020,Regional Election Day,Keppres 22 Tahun 2020
2020-12-24,collective_leave,Hari Raya Natal,Christmas Day,SKB 744/05/06 Tahun 2020
2020-12-25,national,Hari Raya Natal,Christmas Day,SKB 744/05/06 Tahun 2020
2020-12-31,collective_leave,Pengganti Cuti Bersama Hari Raya Idul Fitri 1441 Hijriah,Eid al-Fitr (replacement collective leave),SKB 744/05/06 Tahun 2020
2021-01-01,national,Tahun Baru 2021 Masehi,New Year's Day,SKB 712/1/3 Tahun 2021
2021-02-12,national,Tahun Baru Imlek 2572 Kongzili,Chinese New Year,SKB 712/1/3 Tahun 2021
2021-03-11,national,Isra Mikraj Nabi Muhammad SAW,Isra Mi'raj of the Prophet Muhammad,SKB 712/1/3 Tahun 2021
2021-03-14,national,Hari Suci Nyepi Tahun Baru Saka 1943,Day of Silence (Nyepi),SKB 712/1/3 Tahun 2021
2021-04-02,national,Wafat Isa Al Masih,Good Friday,SKB 712/1/3 Tahun 2021
2021-05-01,national,Hari Buruh Internasional,International Labour Day,SKB 712/1/3 Tahun 2021
2021-05-12,collective_leave,Hari Raya Idul Fitri 1442 Hijriah,Eid al-Fitr,SKB 712/1/3 Tahun 2021
2021-05-13,national,Hari Raya Idul Fitri 1442 Hijriah,Eid al-Fitr,SKB 712/1/3 Tahun 2021
2021-05-13,national,Kenaikan Isa Al Masih,Ascension Day,SKB 712/1/3 Tahun 2021
2021-05-14,national,Hari Raya Idul Fitri 1442 Hijriah,Eid al-Fitr,SKB 712/1/3 Tahun 2021
2021-05-26,national,Hari Raya Waisak 2565,Vesak Day,SKB 712/1/3 Tahun 2021
2021-06-01,national,Hari Lahir Pancasila,Pancasila Day,SKB 712/1/3 Tahun 2021
2021-07-20,national,Hari Raya Idul Adha 1442 Hijriah,Eid al-Adha,SKB 712/1/3 Tahun 2021
2021-08-11,national,Tahun Baru Islam 1443 Hijriah,Islamic New Year,SKB 712/1/3 Tahun 2021
2021-08-17,national,Hari Kemerdekaan Republik Indonesia,Independence Day,SKB 712/1/3 Tahun 2021
2021-10-20,national,Maulid Nabi Muhammad SAW,Prophet Muhammad's Birthday,SKB 712/1/3 Tahun 2021
2021-12-25,national,Hari Raya Natal,Christmas Day,SKB 712/1/3 Tahun 2021
2022-01-01,national,Tahun Baru 2022 Masehi,New Year's Day,SKB 963/3/4 Tahun 2021
2022-02-01,national,Tahun Baru Imlek 2573 Kongzili,Chinese New Year,SKB 963/3/4 Tahun 2021
2022-02-28,national,Isra Mikraj Nabi Muhammad SAW,Isra Mi'raj of the Prophet Muhammad,SKB 963/3/4 Tahun 2021
2022-03-03,national,Hari Suci Nyepi Tahun Baru Saka 1944,Day of Silence (Nyepi),SKB 963/3/4 Tahun 2021
2022-04-15,national,Wafat Isa Al Masih,Good Friday,SKB 963/3/4 Tahun 2021
2022-04-29,collective_leave,Hari Raya Idul Fitri 1443 Hijriyah,Eid al-Fitr,SKB 375/1/1 Tahun 2022
2022-05-01,national,Hari Buruh Internasional,International Labour Day,SKB 963/3/4 Tahun 2021
2022-05-02,national,Hari Raya Idul Fitri 1443 Hijriyah,Eid al-Fitr,SKB 963/3/4 Tahun 2021
2022-05-03,national,Hari Raya Idul Fitri 1443 Hijriyah,Eid al-Fitr,SKB 963/3/4 Tahun 2021
2022-05-04,collective_leave,Hari Raya Idul Fitri 1443 Hijriyah,Eid al-Fitr,SKB 375/1/1 Tahun 2022
2022-05-05,collective_leave,Hari Raya Idul Fitri 1443 Hijriyah,Eid al-Fitr,SKB 375/1/1 Tahun 2022
2022-05-06,collective_leave,Hari Raya Idul Fitri 1443 Hijriyah,Eid al-Fitr,SKB 375/1/1 Tahun 2022
2022-05-16,national,Hari Raya Waisak 2566 BE,Vesak Day,SKB 963/3/4 Tahun 2021
2022-05-26,national,Kenaikan Isa Al Masih,Ascension Day,SKB 963/3/4 Tahun 2021
2022-06-01,national,Hari Lahir Pancasila,Pancasila Day,SKB 963/3/4 Tahun 2021
2022-07-09,national,Hari Raya Idul Adha 1443 Hijriyah,Eid al-Adha,SKB 963/3/4 Tahun 2021
2022-07-30,national,Tahun Baru Islam 1444 Hijriyah,Islamic New Year,SKB 963/3/4 Tahun 2021
2022-08-17,national,Hari Kemerdekaan Republik Indonesia,Independence Day,SKB 963/3/4 Tahun 2021
2022-10-08,national,Maulid Nabi Muhammad SAW,Prophet Muhammad's Birthday,SKB 963/3/4 Tahun 2021
2022-12-25,national,Hari Raya Natal,Christmas Day,SKB 963/3/4 Tahun 2021
2023-01-01,national,Tahun Baru 2023 Masehi,New Year's Day,SKB 1066/3/3 Tahun 2022
2023-01-22,national,Tahun Baru Imlek 2574 Kongzili,Chinese New Year,SKB 1066/3/3 Tahun 2022
2023-01-23,collective_leave,Tahun Baru Imlek 2574 Kongzili,Chinese New Year,SKB 1066/3/3 Tahun 2022
2023-02-18,national,Isra Mikraj Nabi Muhammad SAW,Isra Mi'raj of the Prophet Muhammad,SKB 1066/3/3 Tahun 2022
2023-03-22,national,Hari Suci Nyepi Tahun Baru Saka 1945,Day of Silence (Nyepi),SKB 1066/3/3 Tahun 2022
2023-03-23,collective_leave,Hari Suci Nyepi Tahun Baru Saka 1945,Day of Silence (Nyepi),SKB 1066/3/3 Tahun 2022
2023-04-07,national,Wafat Isa Al Masih,Good Friday,SKB 1066/3/3 Tahun 2022
2023-04-19,collective_leave,Hari Raya Idul Fitri 1444 Hijriah,Eid al-Fitr,SKB 327/1/1 Tahun 2023
2023-04-20,collective_leave,Hari Raya Idul Fitri 1444 Hijriah,Eid al-Fitr,SKB 327/1/1 Tahun 2023
2023-04-21,collective_leave,Hari Raya Idul Fitri 1444 Hijriah,Eid al-Fitr,SKB 327/1/1 Tahun 2023
2023-04-22,national,Hari Raya Idul Fitri 1444 Hijriah,Eid al-Fitr,SKB 1066/3/3 Tahun 2022
2023-04-23,national,Hari Raya Idul Fitri 1444 Hijriah,Eid al-Fitr,SKB 1066/3/3 Tahun 2022
2023-04-24,collective_leave,Hari Raya Idul Fitri 1444 Hijriah,Eid al-Fitr,SKB 327/1/1 Tahun 2023
2023-04-25,collective_leave,Hari Raya Idul Fitri 1444 Hijriah,Eid al-Fitr,SKB 327/1/1 Tahun 2023
2023-05-01,national,Hari Buruh Internasional,International Labour Day,SKB 1066/3/3 Tahun 2022
2023-05-18,national,Kenaikan Isa Al Masih,Ascension Day,SKB 1066/3/3 Tahun 2022
2023-06-01,national,Hari Lahir Pancasila,Pancasila Day,SKB 1066/3/3 Tahun 2022
2023-06-02,collective_leave,Hari Raya Waisak 2567 BE,Vesak Day,SKB 1066/3/3 Tahun 2022
2023-06-04,national,Hari Raya Waisak 2567 BE,Vesak Day,SKB 1066/3/3 Tahun 2022
2023-06-28,collective_leave,Hari Raya Idul Adha 1444 Hijriah,Eid al-Adha,SKB 624/2/2 Tahun 2023
2023-06-29,national,Hari Raya Idul Adha 1444 Hijriah,Eid al-Adha,SKB 1066/3/3 Tahun 2022
2023-06-30,collective_leave,Hari Raya Idul Adha 1444 Hijriah,Eid al-Adha,SKB 624/2/2 Tahun 2023
2023-07-19,national,Tahun Baru Islam 1445 Hijriyah,Islamic New Year,SKB 1066/3/3 Tahun 2022
2023-08-17,national,Hari Kemerdekaan Republik Indonesia,Independence Day,SKB 1066/3/3 Tahun 2022
2023-09-28,national,Maulid Nabi Muhammad SAW,Prophet Muhammad's Birthday,SKB 1066/3/3 Tahun 2022
2023-12-25,national,Hari Raya Natal,Christmas Day,SKB 1066/3/3 Tahun 2022
2023-12-26,collective_leave,Hari Raya Natal,Christmas Day,SKB 1066/3/3 Tahun 2022
2024-01-01,national,Tahun Baru 2024 Masehi,New Year's Day,SKB 236/1/2 Tahun 2024
2024-02-08,national,Isra Mikraj Nabi Muhammad S.A.W.,Isra Mi'raj of the Prophet Muhammad,SKB 236/1/2 Tahun 2024
2024-02-09,collective_leave,Tahun Baru Imlek 2575 Kongzili,Chinese New Year,SKB 236/1/2 Tahun 2024
2024-02-10,national,Tahun Baru Imlek 2575 Kongzili,Chinese New Year,SKB 236/1/2 Tahun 2024
2024-02-14,national,Pemungutan Suara Pemilihan Umum 2024,General Election Day,Keppres 10 Tahun 2024
2024-03-11,national,Hari Suci Nyepi (Tahun Baru Saka 1946),Day of Silence (Nyepi),SKB 236/1/2 Tahun 2024
2024-03-12,collective_leave,Hari Suci Nyepi (Tahun Baru Saka 1946),Day of Silence (Nyepi),SKB 236/1/2 Tahun 2024
2024-03-29,national,Wafat Yesus Kristus,Good Friday,SKB 236/1/2 Tahun 2024
2024-03-31,national,Kebangkitan Yesus Kristus (Paskah),Easter Sunday,SKB 236/1/2 Tahun 2024
2024-04-08,collective_leave,Hari Raya Idul Fitri 1445 Hijriah,Eid al-Fitr,SKB 236/1/2 Tahun 2024
2024-04-09,collective_leave,Hari Raya Idul Fitri 1445 Hijriah,Eid al-Fitr,SKB 236/1/2 Tahun 2024
2024-04-10,national,Hari Raya Idul Fitri 1445 Hijriah,Eid al-Fitr,SKB 236/1/2 Tahun 2024
2024-04-11,national,Hari Raya Idul Fitri 1445 Hijriah,Eid al-Fitr,SKB 236/1/2 Tahun 2024
2024-04-12,collective_leave,Hari Raya Idul Fitri 1445 Hijriah,Eid al-Fitr,SKB 236/1/2 Tahun 2024
2024-04-15,collective_leave,Hari Raya Idul Fitri 1445 Hijriah,Eid al-Fitr,SKB 236/1/2 Tahun 2024
2024-05-01,national,Hari Buruh Internasional,International Labour Day,SKB 236/1/2 Tahun 2024
2024-05-09,national,Kenaikan Yesus Kristus,Ascension Day,SKB 236/1/2 Tahun 2024
2024-05-10,collective_leave,Kenaikan Yesus Kristus,Ascension Day,SKB 236/1/2 Tahun 2024
2024-05-23,national,Hari Raya Waisak 2568 BE,Vesak Day,SKB 236/1/2 Tahun 2024
2024-05-24,collective_leave,Hari Raya Waisak 2568 BE,Vesak Day,SKB 236/1/2 Tahun 2024
2024-06-01,national,Hari Lahir Pancasila,Pancasila Day,SKB 236/1/2 Tahun 2024
2024-06-17,national,Hari Raya Idul Adha 1445 Hijriah,Eid al-Adha,SKB 236/1/2 Tahun 2024
2024-06-18,collective_leave,Hari Raya Idul Adha 1445 Hijriah,Eid al-Adha,SKB 236/1/2 Tahun 2024
2024-07-07,national,1 Muharam Tahun Baru Islam 1446 Hijriah,Islamic New Year,SKB 236/1/2 Tahun 2024
2024-08-17,national,Proklamasi Kemerdekaan,Independence Day,SKB 236/1/2 Tahun 2024
2024-09-16,national,Maulid Nabi Muhammad S.A.W.,Prophet Muhammad's Birthday,SKB 236/1/2 Tahun 2024
2024-11-27,national,"Pemungutan Suara Pemilihan Gubernur, Bupati, dan Wali Kota Serentak 2024",Regional Election Day,Keppres 33 Tahun 2024
2024-12-25,national,Kelahiran Yesus Kristus,Christmas Day,SKB 236/1/2 Tahun 2024
2024-12-26,collective_leave,Kelahiran Yesus Kristus,Christmas Day,SKB 236/1/2 Tahun 2024
2025-01-01,national,Tahun Baru 2025 Masehi,New Year's Day,SKB 933/1/3 Tahun 2025
2025-01-27,national,Isra Mikraj Nabi Muhammad S.A.W.,Isra Mi'raj of the Prophet Muhammad,SKB 933/1/3 Tahun 2025
2025-01-28,collective_leave,Tahun Baru Imlek 2576 Kongzili,Chinese New Year,SKB 933/1/3 Tahun 2025
2025-01-29,national,Tahun Baru Imlek 2576 Kongzili,Chinese New Year,SKB 933/1/3 Tahun 2025
2025-03-28,collective_leave,Hari Suci Nyepi (Tahun Baru Saka 1947),Day of Silence (Nyepi),SKB 933/1/3 Tahun 2025
2025-03-29,national,Hari Suci Nyepi (Tahun Baru Saka 1947),Day of Silence (Nyepi),SKB 933/1/3 Tahun 2025
2025-03-31,national,Idul Fitri 1446 Hijriah,Eid al-Fitr,SKB 933/1/3 Tahun 2025
2025-04-01,national,Idul Fitri 1446 Hijriah,Eid al-Fitr,SKB 933/1/3 Tahun 2025
2025-04-02,collective_leave,Idul Fitri 1446 Hijriah,Eid al-Fitr,SKB 933/1/3 Tahun 2025
2025-04-03,collective_leave,Idul Fitri 1446 Hijriah,Eid al-Fitr,SKB 933/1/3 Tahun 2025
2025-04-04,collective_leave,Idul Fitri 1446 Hijriah,Eid al-Fitr,SKB 933/1/3 Tahun 2025
2025-04-07,collective_leave,Idul Fitri 1446 Hijriah,Eid al-Fitr,SKB 933/1/3 Tahun 2025
2025-04-18,national,Wafat Yesus Kristus,Good Friday,SKB 933/1/3 Tahun 2025
2025-04-20,national,Kebangkitan Yesus Kristus (Paskah),Easter Sunday,SKB 933/1/3 Tahun 2025
2025-05-01,national,Hari Buruh Internasional,International Labour Day,SKB 933/1/3 Tahun 2025
2025-05-12,national,Hari Raya Waisak 2569 BE,Vesak Day,SKB 933/1/3 Tahun 2025
2025-05-13,collective_leave,Hari Raya Waisak 2569 BE,Vesak Day,SKB 933/1/3 Tahun 2025
2025-05-29,national,Kenaikan Yesus Kristus,Ascension Day,SKB 933/1/3 Tahun 2025
2025-05-30,collective_leave,Kenaikan Yesus Kristus,Ascension Day,SKB 933/1/3 Tahun 2025
2025-06-01,national,Hari Lahir Pancasila,Pancasila Day,SKB 933/1/3 Tahun 2025
2025-06-06,national,Idul Adha 1446 Hijriah,Eid al-Adha,SKB 933/1/3 Tahun 2025
2025-06-09,collective_leave,Idul Adha 1446 Hijriah,Eid al-Adha,SKB 933/1/3 Tahun 2025
2025-06-27,national,1 Muharam Tahun Baru Islam 1447 Hijriah,Islamic New Year,SKB 933/1/3 Tahun 2025
2025-08-17,national,Proklamasi Kemerdekaan,Independence Day,SKB 933/1/3 Tahun 2025
2025-08-18,collective_leave,Proklamasi Kemerdekaan,Independence Day,SKB 933/1/3 Tahun 2025
2025-09-05,national,Maulid Nabi Muhammad S.A.W.,Prophet Muhammad's Birthday,SKB 933/1/3 Tahun 2025
2025-12-25,national,Kelahiran Yesus Kristus,Christmas Day,SKB 933/1/3 Tahun 2025
2025-12-26,collective_leave,Kelahiran Yesus Kristus,Christmas Day,SKB 933/1/3 Tahun 2025
2026-01-01,national,Tahun Baru 2026 Masehi,New Year's Day,SKB 1497/2/5 Tahun 2025
2026-01-16,national,Isra Mikraj Nabi Muhammad S.A.W.,Isra Mi'raj of the Prophet Muhammad,SKB 1497/2/5 Tahun 2025
2026-02-16,collective_leave,Tahun Baru Imlek 2577 Kongzili,Chinese New Year,SKB 1497/2/5 Tahun 2025
2026-02-17,national,Tahun Baru Imlek 2577 Kongzili,Chinese New Year,SKB 1497/2/5 Tahun 2025
2026-03-18,collective_leave,Hari Suci Nyepi (Tahun Baru Saka 1948),Day of Silence (Nyepi),SKB 1497/2/5 Tahun 2025
2026-03-19,national,Hari Suci Nyepi (Tahun Baru Saka 1948),Day of Silence (Nyepi),SKB 1497/2/5 Tahun 2025
2026-03-20,collective_leave,Idul Fitri 1447 Hijriah,Eid al-Fitr,SKB 1497/2/5 Tahun 2025
2026-03-21,national,Idul Fitri 1447 Hijriah,Eid al-Fitr,SKB 1497/2/5 Tahun 2025
2026-03-22,national,Idul Fitri 1447 Hijriah,Eid al-Fitr,SKB 1497/2/5 Tahun 2025
2026-03-23,collective_leave,Idul Fitri 1447 Hijriah,Eid al-Fitr,SKB 1497/2/5 Tahun 2025
2026-03-24,collective_leave,Idul Fitri 1447 Hijriah,Eid al-Fitr,SKB 1497/2/5 Tahun 2025
2026-04-03,national,Wafat Yesus Kristus,Good Friday,SKB 1497/2/5 Tahun 2025
2026-04-05,national,Kebangkitan Yesus Kristus (Paskah),Easter Sunday,SKB 1497/2/5 Tahun 2025
2026-05-01,national,Hari Buruh Internasional,International Labour Day,SKB 1497/2/5 Tahun 2025
2026-05-14,national,Kenaikan Yesus Kristus,Ascension Day,SKB 1497/2/5 Tahun 2025
2026-05-15,collective_leave,Kenaikan Yesus Kristus,Ascension Day,SKB 1497/2/5 Tahun 2025
2026-05-27,national,Idul Adha 1447 Hijriah,Eid al-Adha,SKB 1497/2/5 Tahun 2025
2026-05-28,collective_leave,Idul Adha 1447 Hijriah,Eid al-Adha,SKB 1497/2/5 Tahun 2025
2026-05-31,national,Hari Raya Waisak 2570 BE,Vesak Day,SKB 1497/2/5 Tahun 2025
2026-06-01,national,Hari Lahir Pancasila,Pancasila Day,SKB 1497/2/5 Tahun 2025
2026-06-16,national,1 Muharam Tahun Baru Islam 1448 Hijriah,Islamic New Year,SKB 1497/2/5 Tahun 2025
2026-08-17,national,Proklamasi Kemerdekaan,Independence Day,SKB 1497/2/5 Tahun 2025
2026-08-25,national,Maulid Nabi Muhammad S.A.W.,Prophet Muhammad's Birthday,SKB 1497/2/5 Tahun 2025
2026-12-24,collective_leave,Kelahiran Yesus Kristus,Christmas Day,SKB 1497/2/5 Tahun 2025
2026-12-25,national,Kelahiran Yesus Kristus,Christmas Day,SKB 1497/2/5 Tahun 2025
2027-01-01,national,Tahun Baru 2027 Masehi,New Year's Day,SKB 1205/3/2 Tahun 2026
2027-01-05,national,Isra Mikraj Nabi Muhammad S.A.W. 1448 Hijriah,Isra Mi'raj of the Prophet Muhammad,SKB 1205/3/2 Tahun 2026
2027-02-05,collective_leave,Tahun Baru Imlek 2578 Kongzili,Chinese New Year,SKB 1205/3/2 Tahun 2026
2027-02-06,national,Tahun Baru Imlek 2578 Kongzili,Chinese New Year,SKB 1205/3/2 Tahun 2026
2027-03-08,national,Hari Suci Nyepi (Tahun Baru Saka 1949),Day of Silence (Nyepi),SKB 1205/3/2 Tahun 2026
2027-03-09,collective_leave,Idul Fitri 1448 Hijriah,Eid al-Fitr,SKB 1205/3/2 Tahun 2026
2027-03-10,national,Idul Fitri 1448 Hijriah,Eid al-Fitr,SKB 1205/3/2 Tahun 2026
2027-03-11,national,Idul Fitri 1448 Hijriah,Eid al-Fitr,SKB 1205/3/2 Tahun 2026
2027-03-12,collective_leave,Idul Fitri 1448 Hijriah,Eid al-Fitr,SKB 1205/3/2 Tahun 2026
2027-03-15,collective_leave,Idul Fitri 1448 Hijriah,Eid al-Fitr,SKB 1205/3/2 Tahun 2026
2027-03-25,collective_leave,Wafat Yesus Kristus,Good Friday,SKB 1205/3/2 Tahun 2026
2027-03-26,national,Wafat Yesus Kristus,Good Friday,SKB 1205/3/2 Tahun 2026
2027-03-28,national,Kebangkitan Yesus Kristus (Paskah),Easter Sunday,SKB 1205/3/2 Tahun 2026
2027-05-01,national,Hari Buruh Internasional,International Labour Day,SKB 1205/3/2 Tahun 2026
2027-05-06,national,Kenaikan Yesus Kristus,Ascension Day,SKB 1205/3/2 Tahun 2026
2027-05-17,national,Idul Adha 1448 Hijriah,Eid al-Adha,SKB 1205/3/2 Tahun 2026
2027-05-18,collective_leave,Idul Adha 1448 Hijriah,Eid al-Adha,SKB 1205/3/2 Tahun 2026
2027-05-19,collective_leave,Hari Raya Waisak 2571 BE,Vesak Day,SKB 1205/3/2 Tahun 2026
2027-05-20,national,Hari Raya Waisak 2571 BE,Vesak Day,SKB 1205/3/2 Tahun 2026
2027-06-01,national,Hari Lahir Pancasila,Pancasila Day,SKB 1205/3/2 Tahun 2026
2027-06-06,national,1 Muharam Tahun Baru Islam 1449 Hijriah,Islamic New Year,SKB 1205/3/2 Tahun 2026
2027-08-15,national,Maulid Nabi Muhammad S.A.W.,Prophet Muhammad's Birthday,SKB 1205/3/2 Tahun 2026
2027-08-17,national,Proklamasi Kemerdekaan,Independence Day,SKB 1205/3/2 Tahun 2026
2027-12-24,collective_leave,Kelahiran Yesus Kristus,Christmas Day,SKB 1205/3/2 Tahun 2026
2027-12-25,national,Kelahiran Yesus Kristus,Christmas Day,SKB 1205/3/2 Tahun 2026
2027-12-26,national,Isra Mikraj Nabi Muhammad S.A.W. 1449 Hijriah,Isra Mi'raj of the Prophet Muhammad,SKB 1205/3/2 Tahun 2026
