code,region_code,basis
A,36.01,Perpol 7/2021
A,36.02,Perpol 7/2021
A,36.03,Perpol 7/2021
A,36.04,Perpol 7/2021
A,36.72,Perpol 7/2021
A,36.73,Perpol 7/2021
AA,33.05,Perpol 7/2021
AA,33.06,Perpol 7/2021
AA,33.07,Perpol 7/2021
AA,33.08,Perpol 7/2021
AA,33.23,Perpol 7/2021
AA,33.71,Perpol 7/2021
AB,34.01,Perpol 7/2021
AB,34.02,Perpol 7/2021
AB,34.03,Perpol 7/2021
AB,34.04,Perpol 7/2021
AB,34.71,Perpol 7/2021
AD,33.09,Perpol 7/2021
AD,33.10,Perpol 7/2021
AD,33.11,Perpol 7/2021
AD,33.12,Perpol 7/2021
AD,33.13,Perpol 7/2021
AD,33.14,Perpol 7/2021
AD,33.72,Perpol 7/2021
AE,35.01,Perpol 7/2021
AE,35.02,Perpol 7/2021
AE,35.19,Perpol 7/2021
AE,35.20,Perpol 7/2021
AE,35.21,Perpol 7/2021
AE,35.77,Perpol 7/2021
AG,35.03,Perpol 7/2021
AG,35.04,Perpol 7/2021
AG,35.05,Perpol 7/2021
AG,35.06,Perpol 7/2021
AG,35.18,Perpol 7/2021
AG,35.71,Perpol 7/2021
AG,35.72,Perpol 7/2021 (induk)
B,31.01,Perpol 7/2021
B,31.71,Perpol 7/2021
B,31.72,Perpol 7/2021
B,31.73,Perpol 7/2021
B,31.74,Perpol 7/2021
B,31.75,Perpol 7/2021
B,32.16,Perpol 7/2021
B,32.75,Perpol 7/2021
B,32.76,Perpol 7/2021
B,36.71,Perpol 7/2021
B,36.74,Perpol 7/2021
BA,13.01,Perpol 7/2021
BA,13.02,Perpol 7/2021
BA,13.03,Perpol 7/2021
BA,13.04,Perpol 7/2021
BA,13.05,Perpol 7/2021
BA,13.06,Perpol 7/2021
BA,13.07,Perpol 7/2021
BA,13.08,Perpol 7/2021
BA,13.09,Perpol 7/2021
BA,13.10,Perpol 7/2021
BA,13.11,Perpol 7/2021
BA,13.12,Perpol 7/2021
BA,13.71,Perpol 7/2021
BA,13.72,Perpol 7/2021
BA,13.73,Perpol 7/2021
BA,13.74,Perpol 7/2021
BA,13.75,Perpol 7/2021
BA,13.76,Perpol 7/2021
BA,13.77,Perpol 7/2021
BB,12.01,Perpol 7/2021
BB,12.02,Perpol 7/2021
BB,12.03,Perpol 7/2021
BB,12.04,Perpol 7/2021
BB,12.11,Perpol 7/2021
BB,12.12,Perpol 7/2021
BB,12.13,Perpol 7/2021
BB,12.14,Perpol 7/2021
BB,12.15,Perpol 7/2021
BB,12.16,Perpol 7/2021
BB,12.17,Perpol 7/2021
BB,12.20,Perpol 7/2021
BB,12.21,Perpol 7/2021
BB,12.24,Perpol 7/2021
BB,12.25,Perpol 7/2021
BB,12.73,Perpol 7/2021
BB,12.77,Perpol 7/2021
BB,12.78,Perpol 7/2021
BD,17.01,Perpol 7/2021
BD,17.02,Perpol 7/2021
BD,17.03,Perpol 7/2021
BD,17.04,Perpol 7/2021
BD,17.05,Perpol 7/2021
BD,17.06,Perpol 7/2021
BD,17.07,Perpol 7/2021
BD,17.08,Perpol 7/2021
BD,17.09,Perpol 7/2021
BD,17.71,Perpol 7/2021
BE,18.01,Perpol 7/2021
BE,18.02,Perpol 7/2021
BE,18.03,Perpol 7/2021
BE,18.04,Perpol 7/2021
BE,18.05,Perpol 7/2021
BE,18.06,Perpol 7/2021
BE,18.07,Perpol 7/2021
BE,18.08,Perpol 7/2021
BE,18.09,Perpol 7/2021
BE,18.10,Perpol 7/2021
BE,18.11,Perpol 7/2021
BE,18.12,Perpol 7/2021 (induk)
BE,18.13,Perpol 7/2021 (induk)
BE,18.71,Perpol 7/2021
BE,18.72,Perpol 7/2021
BG,16.01,Perpol 7/2021
BG,16.02,Perpol 7/2021
BG,16.03,Perpol 7/2021
BG,16.04,Perpol 7/2021
BG,16.05,Perpol 7/2021
BG,16.06,Perpol 7/2021
BG,16.07,Perpol 7/2021
BG,16.08,Perpol 7/2021
BG,16.09,Perpol 7/2021
BG,16.10,Perpol 7/2021
BG,16.11,Perpol 7/2021
BG,16.12,Perpol 7/2021
BG,16.13,Perpol 7/2021
BG,16.71,Perpol 7/2021
BG,16.72,Perpol 7/2021
BG,16.73,Perpol 7/2021
BG,16.74,Perpol 7/2021
BH,15.01,Perpol 7/2021
BH,15.02,Perpol 7/2021
BH,15.03,Perpol 7/2021
BH,15.04,Perpol 7/2021
BH,15.05,Perpol 7/2021
BH,15.06,Perpol 7/2021
BH,15.07,Perpol 7/2021
BH,15.08,Perpol 7/2021
BH,15.09,Perpol 7/2021
BH,15.71,Perpol 7/2021
BH,15.72,Perpol 7/2021
BK,12.05,Perpol 7/2021
BK,12.06,Perpol 7/2021
BK,12.07,Perpol 7/2021
BK,12.08,Perpol 7/2021
BK,12.09,Perpol 7/2021
BK,12.10,Perpol 7/2021
BK,12.18,Perpol 7/2021
BK,12.19,Perpol 7/2021
BK,12.22,Perpol 7/2021
BK,12.23,Perpol 7/2021
BK,12.71,Perpol 7/2021
BK,12.72,Perpol 7/2021
BK,12.74,Perpol 7/2021
BK,12.75,Perpol 7/2021
BK,12.76,Perpol 7/2021
BL,11.01,Perpol 7/2021
BL,11.02,Perpol 7/2021
BL,11.03,Perpol 7/2021
BL,11.04,Perpol 7/2021
BL,11.05,Perpol 7/2021
BL,11.06,Perpol 7/2021
BL,11.07,Perpol 7/2021
BL,11.08,Perpol 7/2021
BL,11.09,Perpol 7/2021
BL,11.10,Perpol 7/2021
BL,11.11,Perpol 7/2021
BL,11.12,Perpol 7/2021
BL,11.13,Perpol 7/2021
BL,11.14,Perpol 7/2021
BL,11.15,Perpol 7/2021
BL,11.16,Perpol 7/2021
BL,11.17,Perpol 7/2021
BL,11.18,Perpol 7/2021
BL,11.71,Perpol 7/2021
BL,11.72,Perpol 7/2021
BL,11.73,Perpol 7/2021
BL,11.74,Perpol 7/2021
BL,11.75,Perpol 7/2021
BM,14.01,Perpol 7/2021
BM,14.02,Perpol 7/2021
BM,14.03,Perpol 7/2021
BM,14.04,Perpol 7/2021
BM,14.05,Perpol 7/2021
BM,14.06,Perpol 7/2021
BM,14.07,Perpol 7/2021
BM,14.08,Perpol 7/2021
BM,14.09,Perpol 7/2021
BM,14.10,Perpol 7/2021
BM,14.71,Perpol 7/2021
BM,14.72,Perpol 7/2021
BN,19.01,Perpol 7/2021
BN,19.02,Perpol 7/2021
BN,19.03,Perpol 7/2021
BN,19.04,Perpol 7/2021
BN,19.05,Perpol 7/2021
BN,19.06,Perpol 7/2021
BN,19.71,Perpol 7/2021
BP,21.01,Perpol 7/2021
BP,21.02,Perpol 7/2021
BP,21.03,Perpol 7/2021
BP,21.04,Perpol 7/2021
BP,21.05,Perpol 7/2021
BP,21.71,Perpol 7/2021
BP,21.72,Perpol 7/2021
D,32.04,Perpol 7/2021
D,32.17,Perpol 7/2021
D,32.73,Perpol 7/2021
D,32.77,Perpol 7/2021
DA,63.01,Perpol 7/2021
DA,63.02,Perpol 7/2021
DA,63.03,Perpol 7/2021
DA,63.04,Perpol 7/2021
DA,63.05,Perpol 7/2021
DA,63.06,Perpol 7/2021
DA,63.07,Perpol 7/2021
DA,63.08,Perpol 7/2021
DA,63.09,Perpol 7/2021
DA,63.10,Perpol 7/2021
DA,63.11,Perpol 7/2021
DA,63.71,Perpol 7/2021
DA,63.72,Perpol 7/2021
DB,71.01,Perpol 7/2021
DB,71.02,Perpol 7/2021
DB,71.05,Perpol 7/2021
DB,71.06,Perpol 7/2021
DB,71.07,Perpol 7/2021
DB,71.08,Perpol 7/2021
DB,71.10,Perpol 7/2021
DB,71.11,Perpol 7/2021
DB,71.71,Perpol 7/2021
DB,71.72,Perpol 7/2021
DB,71.73,Perpol 7/2021
DB,71.74,Perpol 7/2021
DC,76.01,Perpol 7/2021
DC,76.02,Perpol 7/2021
DC,76.03,Perpol 7/2021
DC,76.04,Perpol 7/2021
DC,76.05,Perpol 7/2021
DC,76.06,Perpol 7/2021
DD,73.01,Perpol 7/2021
DD,73.02,Perpol 7/2021
DD,73.03,Perpol 7/2021
DD,73.04,Perpol 7/2021
DD,73.05,Perpol 7/2021
DD,73.06,Perpol 7/2021
DD,73.09,Perpol 7/2021
DD,73.10,Perpol 7/2021
DD,73.71,Perpol 7/2021
DE,81.01,Perpol 7/2021
DE,81.02,Perpol 7/2021
DE,81.03,Perpol 7/2021
DE,81.04,Perpol 7/2021
DE,81.05,Perpol 7/2021
DE,81.06,Perpol 7/2021
DE,81.07,Perpol 7/2021
DE,81.08,Perpol 7/2021
DE,81.09,Perpol 7/2021
DE,81.71,Perpol 7/2021
DE,81.72,Perpol 7/2021
DG,82.01,Perpol 7/2021
DG,82.02,Perpol 7/2021
DG,82.03,Perpol 7/2021
DG,82.04,Perpol 7/2021
DG,82.05,Perpol 7/2021
DG,82.06,Perpol 7/2021
DG,82.07,Perpol 7/2021
DG,82.08,Perpol 7/2021
DG,82.71,Perpol 7/2021
DG,82.72,Perpol 7/2021
DH,53.01,Perpol 7/2021
DH,53.02,Perpol 7/2021
DH,53.03,Perpol 7/2021
DH,53.04,Perpol 7/2021
DH,53.14,Perpol 7/2021
DH,53.20,Perpol 7/2021
DH,53.21,Perpol 7/2021
DH,53.71,Perpol 7/2021
DK,51.01,Perpol 7/2021
DK,51.02,Perpol 7/2021
DK,51.03,Perpol 7/2021
DK,51.04,Perpol 7/2021
DK,51.05,Perpol 7/2021
DK,51.06,Perpol 7/2021
DK,51.07,Perpol 7/2021
DK,51.08,Perpol 7/2021
DK,51.71,Perpol 7/2021
DL,71.03,Perpol 7/2021
DL,71.04,Perpol 7/2021
DL,71.09,Perpol 7/2021
DM,75.01,Perpol 7/2021
DM,75.02,Perpol 7/2021
DM,75.03,Perpol 7/2021
DM,75.04,Perpol 7/2021
DM,75.05,Perpol 7/2021
DM,75.71,Perpol 7/2021
DN,72.01,Perpol 7/2021
DN,72.02,Perpol 7/2021
DN,72.03,Perpol 7/2021
DN,72.04,Perpol 7/2021
DN,72.05,Perpol 7/2021
DN,72.06,Perpol 7/2021
DN,72.07,Perpol 7/2021
DN,72.08,Perpol 7/2021
DN,72.09,Perpol 7/2021
DN,72.10,Perpol 7/2021
DN,72.11,Perpol 7/2021
DN,72.12,Perpol 7/2021 (induk)
DN,72.71,Perpol 7/2021
DP,73.11,Perpol 7/2021
DP,73.14,Perpol 7/2021
DP,73.15,Perpol 7/2021
DP,73.16,Perpol 7/2021
DP,73.17,Perpol 7/2021
DP,73.18,Perpol 7/2021
DP,73.22,Perpol 7/2021
DP,73.24,Perpol 7/2021
DP,73.26,Perpol 7/2021
DP,73.72,Perpol 7/2021
DP,73.73,Perpol 7/2021
DR,52.01,Perpol 7/2021
DR,52.02,Perpol 7/2021
DR,52.03,Perpol 7/2021
DR,52.08,Perpol 7/2021
DR,52.71,Perpol 7/2021
DT,74.01,Perpol 7/2021
DT,74.02,Perpol 7/2021
DT,74.03,Perpol 7/2021
DT,74.04,Perpol 7/2021
DT,74.05,Perpol 7/2021
DT,74.06,Perpol 7/2021
DT,74.07,Perpol 7/2021
DT,74.08,Perpol 7/2021
DT,74.09,Perpol 7/2021
DT,74.10,Perpol 7/2021
DT,74.11,Perpol 7/2021
DT,74.12,Perpol 7/2021 (induk)
DT,74.13,Perpol 7/2021 (induk)
DT,74.14,Perpol 7/2021 (induk)
DT,74.15,Perpol 7/2021 (induk)
DT,74.71,Perpol 7/2021
DT,74.72,Perpol 7/2021
DW,73.07,Perpol 7/2021
DW,73.08,Perpol 7/2021
DW,73.12,Perpol 7/2021
DW,73.13,Perpol 7/2021
E,32.08,Perpol 7/2021
E,32.09,Perpol 7/2021
E,32.10,Perpol 7/2021
E,32.12,Perpol 7/2021
E,32.74,Perpol 7/2021
EA,52.04,Perpol 7/2021
EA,52.05,Perpol 7/2021
EA,52.06,Perpol 7/2021
EA,52.07,Perpol 7/2021
EA,52.72,Perpol 7/2021
EB,53.05,Perpol 7/2021
EB,53.06,Perpol 7/2021
EB,53.07,Perpol 7/2021
EB,53.08,Perpol 7/2021
EB,53.09,Perpol 7/2021
EB,53.10,Perpol 7/2021
EB,53.13,Perpol 7/2021
EB,53.15,Perpol 7/2021
EB,53.16,Perpol 7/2021
EB,53.19,Perpol 7/2021
ED,53.11,Perpol 7/2021
ED,53.12,Perpol 7/2021
ED,53.17,Perpol 7/2021
ED,53.18,Perpol 7/2021
F,32.01,Perpol 7/2021
F,32.02,Perpol 7/2021
F,32.03,Perpol 7/2021
F,32.71,Perpol 7/2021
F,32.72,Perpol 7/2021
G,33.25,Perpol 7/2021
G,33.26,Perpol 7/2021
G,33.27,Perpol 7/2021
G,33.28,Perpol 7/2021
G,33.29,Perpol 7/2021
G,33.75,Perpol 7/2021
G,33.76,Perpol 7/2021
H,33.21,Perpol 7/2021
H,33.22,Perpol 7/2021
H,33.24,Perpol 7/2021
H,33.73,Perpol 7/2021
H,33.74,Perpol 7/2021
K,33.15,Perpol 7/2021
K,33.16,Perpol 7/2021
K,33.17,Perpol 7/2021
K,33.18,Perpol 7/2021
K,33.19,Perpol 7/2021
K,33.20,Perpol 7/2021
KB,61.01,Perpol 7/2021
KB,61.02,Perpol 7/2021
KB,61.03,Perpol 7/2021
KB,61.04,Perpol 7/2021
KB,61.05,Perpol 7/2021
KB,61.06,Perpol 7/2021
KB,61.07,Perpol 7/2021
KB,61.08,Perpol 7/2021
KB,61.09,Perpol 7/2021
KB,61.10,Perpol 7/2021
KB,61.11,Perpol 7/2021
KB,61.12,Perpol 7/2021
KB,61.71,Perpol 7/2021
KB,61.72,Perpol 7/2021
KH,62.01,Perpol 7/2021
KH,62.02,Perpol 7/2021
KH,62.03,Perpol 7/2021
KH,62.04,Perpol 7/2021
KH,62.05,Perpol 7/2021
KH,62.06,Perpol 7/2021
KH,62.07,Perpol 7/2021
KH,62.08,Perpol 7/2021
KH,62.09,Perpol 7/2021
KH,62.10,Perpol 7/2021
KH,62.11,Perpol 7/2021
KH,62.12,Perpol 7/2021
KH,62.13,Perpol 7/2021
KH,62.71,Perpol 7/2021
KT,64.01,Perpol 7/2021
KT,64.02,Perpol 7/2021
KT,64.03,Perpol 7/2021
KT,64.07,Perpol 7/2021
KT,64.08,Perpol 7/2021
KT,64.09,Perpol 7/2021
KT,64.11,Perpol 7/2021
KT,64.71,Perpol 7/2021
KT,64.72,Perpol 7/2021
KT,64.74,Perpol 7/2021
KU,65.01,Perpol 7/2021
KU,65.02,Perpol 7/2021
KU,65.03,Perpol 7/2021
KU,65.04,Perpol 7/2021
KU,65.71,Perpol 7/2021 (induk)
L,35.78,Perpol 7/2021
M,35.26,Perpol 7/2021
M,35.27,Perpol 7/2021
M,35.28,Perpol 7/2021
M,35.29,Perpol 7/2021
N,35.07,Perpol 7/2021
N,35.08,Perpol 7/2021
N,35.13,Perpol 7/2021
N,35.14,Perpol 7/2021
N,35.73,Perpol 7/2021
N,35.74,Perpol 7/2021 (induk)
N,35.75,Perpol 7/2021 (induk)
N,35.79,Perpol 7/2021 (induk)
P,35.09,Perpol 7/2021
P,35.10,Perpol 7/2021
P,35.11,Perpol 7/2021
P,35.12,Perpol 7/2021
PA,91.03,Perpol 7/2021
PA,91.05,Perpol 7/2021
PA,91.06,Perpol 7/2021
PA,91.10,Perpol 7/2021
PA,91.11,Perpol 7/2021
PA,91.15,Perpol 7/2021
PA,91.19,Perpol 7/2021
PA,91.20,Perpol 7/2021
PA,91.71,Perpol 7/2021
PB,92.02,Perpol 7/2021
PB,92.03,Perpol 7/2021
PB,92.06,Perpol 7/2021
PB,92.07,Perpol 7/2021
PB,92.08,Perpol 7/2021
PB,92.11,Perpol 7/2021
PB,92.12,Perpol 7/2021
PG,95.01,Pemprov Papua Pegunungan 2024
PG,95.02,Pemprov Papua Pegunungan 2024
PG,95.03,Pemprov Papua Pegunungan 2024
PG,95.04,Pemprov Papua Pegunungan 2024
PG,95.05,Pemprov Papua Pegunungan 2024
PG,95.06,Pemprov Papua Pegunungan 2024
PG,95.07,Pemprov Papua Pegunungan 2024
PG,95.08,Pemprov Papua Pegunungan 2024
PS,93.01,Korlantas 2024
PS,93.02,Korlantas 2024
PS,93.03,Korlantas 2024
PS,93.04,Korlantas 2024
PT,94.01,Korlantas 2024
PT,94.02,Korlantas 2024
PT,94.03,Korlantas 2024
PT,94.04,Korlantas 2024
PT,94.05,Korlantas 2024
PT,94.06,Korlantas 2024
PT,94.07,Korlantas 2024
PT,94.08,Korlantas 2024
PY,96.01,Kep Kakorlantas Kep/29/I/2024
PY,96.02,Kep Kakorlantas Kep/29/I/2024
PY,96.03,Kep Kakorlantas Kep/29/I/2024
PY,96.04,Kep Kakorlantas Kep/29/I/2024
PY,96.05,Kep Kakorlantas Kep/29/I/2024
PY,96.71,Kep Kakorlantas Kep/29/I/2024
R,33.01,Perpol 7/2021
R,33.02,Perpol 7/2021
R,33.03,Perpol 7/2021
R,33.04,Perpol 7/2021
S,35.22,Perpol 7/2021
S,35.23,Perpol 7/2021
S,35.24,Perpol 7/2021
T,32.13,Perpol 7/2021
T,32.14,Perpol 7/2021
T,32.15,Perpol 7/2021
W,35.15,Perpol 7/2021
W,35.16,Perpol 7/2021
W,35.17,Perpol 7/2021
W,35.25,Perpol 7/2021
W,35.76,Perpol 7/2021 (induk)
Z,32.05,Perpol 7/2021
Z,32.06,Perpol 7/2021
Z,32.07,Perpol 7/2021
Z,32.11,Perpol 7/2021
Z,32.18,Perpol 7/2021
Z,32.78,Perpol 7/2021
Z,32.79,Perpol 7/2021
