old_code,new_code,since,basis
64.04,65.01,2012-11-17,UU 20/2012
64.04.01,65.01.01,2012-11-17,UU 20/2012
64.04.02,65.01.02,2012-11-17,UU 20/2012
64.04.03,65.01.03,2012-11-17,UU 20/2012
64.04.04,65.01.04,2012-11-17,UU 20/2012
64.04.05,65.01.05,2012-11-17,UU 20/2012
64.04.06,65.01.06,2012-11-17,UU 20/2012
64.04.07,65.01.07,2012-11-17,UU 20/2012
64.04.08,65.01.08,2012-11-17,UU 20/2012
64.04.09,65.01.09,2012-11-17,UU 20/2012
64.04.12,65.01.10,2012-11-17,UU 20/2012
64.05,65.03,2012-11-17,UU 20/2012
64.05.01,65.03.01,2012-11-17,UU 20/2012
64.05.02,65.03.02,2012-11-17,UU 20/2012
64.05.03,65.03.03,2012-11-17,UU 20/2012
64.05.04,65.03.04,2012-11-17,UU 20/2012
64.05.05,65.03.05,2012-11-17,UU 20/2012
64.05.06,65.03.06,2012-11-17,UU 20/2012
64.05.07,65.03.07,2012-11-17,UU 20/2012
64.05.08,65.03.08,2012-11-17,UU 20/2012
64.05.09,65.03.09,2012-11-17,UU 20/2012
64.06,65.02,2012-11-17,UU 20/2012
64.06.01,65.02.01,2012-11-17,UU 20/2012
64.06.02,65.02.02,2012-11-17,UU 20/2012
64.06.03,65.02.03,2012-11-17,UU 20/2012
64.06.04,65.02.04,2012-11-17,UU 20/2012
64.06.05,65.02.05,2012-11-17,UU 20/2012
64.06.06,65.02.06,2012-11-17,UU 20/2012
64.06.07,65.02.07,2012-11-17,UU 20/2012
64.06.08,65.02.08,2012-11-17,UU 20/2012
64.06.09,65.02.09,2012-11-17,UU 20/2012
64.06.10,65.02.10,2012-11-17,UU 20/2012
64.06.11,65.02.11,2012-11-17,UU 20/2012
64.06.12,65.02.12,2012-11-17,UU 20/2012
64.10,65.04,2012-11-17,UU 20/2012
64.10.01,65.04.01,2012-11-17,UU 20/2012
64.10.02,65.04.02,2012-11-17,UU 20/2012
64.10.03,65.04.03,2012-11-17,UU 20/2012
64.73,65.71,2012-11-17,UU 20/2012
64.73.01,65.71.01,2012-11-17,UU 20/2012
64.73.02,65.71.02,2012-11-17,UU 20/2012
64.73.03,65.71.03,2012-11-17,UU 20/2012
64.73.04,65.71.04,2012-11-17,UU 20/2012
91.01,93.01,2022-07-25,UU 14/2022
91.01.01,93.01.01,2022-07-25,UU 14/2022
91.01.02,93.01.02,2022-07-25,UU 14/2022
91.01.03,93.01.03,2022-07-25,UU 14/2022
91.01.04,93.01.04,2022-07-25,UU 14/2022
91.01.05,93.01.05,2022-07-25,UU 14/2022
91.01.06,93.01.06,2022-07-25,UU 14/2022
91.01.07,93.01.07,2022-07-25,UU 14/2022
91.01.08,93.01.08,2022-07-25,UU 14/2022
91.01.09,93.01.09,2022-07-25,UU 14/2022
91.01.10,93.01.10,2022-07-25,UU 14/2022
91.01.11,93.01.11,2022-07-25,UU 14/2022
91.01.12,93.01.12,2022-07-25,UU 14/2022
91.01.13,93.01.13,2022-07-25,UU 14/2022
91.01.14,93.01.14,2022-07-25,UU 14/2022
91.01.15,93.01.15,2022-07-25,UU 14/2022
91.01.16,93.01.16,2022-07-25,UU 14/2022
91.01.17,93.01.17,2022-07-25,UU 14/2022
91.01.18,93.01.18,2022-07-25,UU 14/2022
91.01.19,93.01.19,2022-07-25,UU 14/2022
91.01.20,93.01.20,2022-07-25,UU 14/2022
91.01.21,93.01.21,2022-07-25,UU 14/2022
91.01.22,93.01.22,2022-07-25,UU 14/2022
91.02,95.01,2022-07-25,UU 16/2022
91.02.01,95.01.01,2022-07-25,UU 16/2022
91.02.03,95.01.02,2022-07-25,UU 16/2022
91.02.04,95.01.03,2022-07-25,UU 16/2022
91.02.12,95.01.04,2022-07-25,UU 16/2022
91.02.15,95.01.05,2022-07-25,UU 16/2022
91.02.25,95.01.06,2022-07-25,UU 16/2022
91.02.27,95.01.07,2022-07-25,UU 16/2022
91.02.28,95.01.08,2022-07-25,UU 16/2022
91.02.29,95.01.09,2022-07-25,UU 16/2022
91.02.34,95.01.10,2022-07-25,UU 16/2022
91.02.35,95.01.11,2022-07-25,UU 16/2022
91.02.40,95.01.12,2022-07-25,UU 16/2022
91.02.41,95.01.13,2022-07-25,UU 16/2022
91.02.42,95.01.14,2022-07-25,UU 16/2022
91.02.43,95.01.15,2022-07-25,UU 16/2022
91.02.44,95.01.16,2022-07-25,UU 16/2022
91.02.45,95.01.17,2022-07-25,UU 16/2022
91.02.46,95.01.18,2022-07-25,UU 16/2022
91.02.47,95.01.19,2022-07-25,UU 16/2022
91.02.48,95.01.20,2022-07-25,UU 16/2022
91.02.49,95.01.21,2022-07-25,UU 16/2022
91.02.50,95.01.22,2022-07-25,UU 16/2022
91.02.51,95.01.23,2022-07-25,UU 16/2022
91.02.52,95.01.24,2022-07-25,UU 16/2022
91.02.53,95.01.25,2022-07-25,UU 16/2022
91.02.54,95.01.26,2022-07-25,UU 16/2022
91.02.55,95.01.27,2022-07-25,UU 16/2022
91.02.56,95.01.28,2022-07-25,UU 16/2022
91.02.57,95.01.29,2022-07-25,UU 16/2022
91.02.58,95.01.30,2022-07-25,UU 16/2022
91.02.59,95.01.31,2022-07-25,UU 16/2022
91.02.60,95.01.32,2022-07-25,UU 16/2022
91.02.61,95.01.33,2022-07-25,UU 16/2022
91.02.62,95.01.34,2022-07-25,UU 16/2022
91.02.63,95.01.35,2022-07-25,UU 16/2022
91.02.64,95.01.36,2022-07-25,UU 16/2022
91.02.65,95.01.37,2022-07-25,UU 16/2022
91.02.66,95.01.38,2022-07-25,UU 16/2022
91.02.67,95.01.39,2022-07-25,UU 16/2022
91.02.68,95.01.40,2022-07-25,UU 16/2022
91.04,94.01,2022-07-25,UU 15/2022
91.04.01,94.01.01,2022-07-25,UU 15/2022
91.04.02,94.01.02,2022-07-25,UU 15/2022
91.04.03,94.01.03,2022-07-25,UU 15/2022
91.04.06,94.01.04,2022-07-25,UU 15/2022
91.04.07,94.01.05,2022-07-25,UU 15/2022
91.04.10,94.01.06,2022-07-25,UU 15/2022
91.04.11,94.01.07,2022-07-25,UU 15/2022
91.04.12,94.01.08,2022-07-25,UU 15/2022
91.04.16,94.01.09,2022-07-25,UU 15/2022
91.04.17,94.01.10,2022-07-25,UU 15/2022
91.04.21,94.01.11,2022-07-25,UU 15/2022
91.04.22,94.01.12,2022-07-25,UU 15/2022
91.04.23,94.01.13,2022-07-25,UU 15/2022
91.04.24,94.01.14,2022-07-25,UU 15/2022
91.04.25,94.01.15,2022-07-25,UU 15/2022
91.07,94.02,2022-07-25,UU 15/2022
91.07.01,94.02.01,2022-07-25,UU 15/2022
91.07.03,94.02.02,2022-07-25,UU 15/2022
91.07.06,94.02.03,2022-07-25,UU 15/2022
91.07.07,94.02.04,2022-07-25,UU 15/2022
91.07.08,94.02.05,2022-07-25,UU 15/2022
91.07.10,94.02.06,2022-07-25,UU 15/2022
91.07.11,94.02.07,2022-07-25,UU 15/2022
91.07.12,94.02.08,2022-07-25,UU 15/2022
91.07.17,94.02.09,2022-07-25,UU 15/2022
91.07.18,94.02.10,2022-07-25,UU 15/2022
91.07.19,94.02.11,2022-07-25,UU 15/2022
91.07.20,94.02.12,2022-07-25,UU 15/2022
91.07.21,94.02.13,2022-07-25,UU 15/2022
91.07.22,94.02.14,2022-07-25,UU 15/2022
91.07.23,94.02.15,2022-07-25,UU 15/2022
91.07.24,94.02.16,2022-07-25,UU 15/2022
91.07.25,94.02.17,2022-07-25,UU 15/2022
91.07.26,94.02.18,2022-07-25,UU 15/2022
91.07.27,94.02.19,2022-07-25,UU 15/2022
91.07.28,94.02.20,2022-07-25,UU 15/2022
91.07.29,94.02.21,2022-07-25,UU 15/2022
91.07.30,94.02.22,2022-07-25,UU 15/2022
91.07.31,94.02.23,2022-07-25,UU 15/2022
91.07.32,94.02.24,2022-07-25,UU 15/2022
91.07.33,94.02.25,2022-07-25,UU 15/2022
91.07.34,94.02.26,2022-07-25,UU 15/2022
91.08,94.03,2022-07-25,UU 15/2022
91.08.01,94.03.01,2022-07-25,UU 15/2022
91.08.02,94.03.02,2022-07-25,UU 15/2022
91.08.04,94.03.03,2022-07-25,UU 15/2022
91.08.07,94.03.04,2022-07-25,UU 15/2022
91.08.09,94.03.05,2022-07-25,UU 15/2022
91.08.12,94.03.06,2022-07-25,UU 15/2022
91.08.13,94.03.07,2022-07-25,UU 15/2022
91.08.19,94.03.08,2022-07-25,UU 15/2022
91.08.20,94.03.09,2022-07-25,UU 15/2022
91.08.21,94.03.10,2022-07-25,UU 15/2022
91.08.22,94.03.11,2022-07-25,UU 15/2022
91.08.23,94.03.12,2022-07-25,UU 15/2022
91.08.24,94.03.13,2022-07-25,UU 15/2022
91.08.25,94.03.14,2022-07-25,UU 15/2022
91.08.26,94.03.15,2022-07-25,UU 15/2022
91.08.27,94.03.16,2022-07-25,UU 15/2022
91.08.28,94.03.17,2022-07-25,UU 15/2022
91.08.29,94.03.18,2022-07-25,UU 15/2022
91.08.30,94.03.19,2022-07-25,UU 15/2022
91.08.31,94.03.20,2022-07-25,UU 15/2022
91.08.32,94.03.21,2022-07-25,UU 15/2022
91.08.33,94.03.22,2022-07-25,UU 15/2022
91.08.34,94.03.23,2022-07-25,UU 15/2022
91.09,94.04,2022-07-25,UU 15/2022
91.09.01,94.04.01,2022-07-25,UU 15/2022
91.09.02,94.04.02,2022-07-25,UU 15/2022
91.09.03,94.04.03,2022-07-25,UU 15/2022
91.09.04,94.04.04,2022-07-25,UU 15/2022
91.09.05,94.04.05,2022-07-25,UU 15/2022
91.09.06,94.04.06,2022-07-25,UU 15/2022
91.09.07,94.04.07,2022-07-25,UU 15/2022
91.09.08,94.04.08,2022-07-25,UU 15/2022
91.09.09,94.04.09,2022-07-25,UU 15/2022
91.09.10,94.04.10,2022-07-25,UU 15/2022
91.09.11,94.04.11,2022-07-25,UU 15/2022
91.09.12,94.04.12,2022-07-25,UU 15/2022
91.09.13,94.04.13,2022-07-25,UU 15/2022
91.09.14,94.04.14,2022-07-25,UU 15/2022
91.09.15,94.04.15,2022-07-25,UU 15/2022
91.09.16,94.04.16,2022-07-25,UU 15/2022
91.09.17,94.04.17,2022-07-25,UU 15/2022
91.09.18,94.04.18,2022-07-25,UU 15/2022
91.12,95.02,2022-07-25,UU 16/2022
91.12.01,95.02.01,2022-07-25,UU 16/2022
91.12.02,95.02.02,2022-07-25,UU 16/2022
91.12.03,95.02.03,2022-07-25,UU 16/2022
91.12.04,95.02.04,2022-07-25,UU 16/2022
91.12.05,95.02.05,2022-07-25,UU 16/2022
91.12.06,95.02.06,2022-07-25,UU 16/2022
91.12.07,95.02.07,2022-07-25,UU 16/2022
91.12.08,95.02.08,2022-07-25,UU 16/2022
91.12.09,95.02.09,2022-07-25,UU 16/2022
91.12.10,95.02.10,2022-07-25,UU 16/2022
91.12.11,95.02.11,2022-07-25,UU 16/2022
91.12.12,95.02.12,2022-07-25,UU 16/2022
91.12.13,95.02.13,2022-07-25,UU 16/2022
91.12.14,95.02.14,2022-07-25,UU 16/2022
91.12.15,95.02.15,2022-07-25,UU 16/2022
91.12.16,95.02.16,2022-07-25,UU 16/2022
91.12.17,95.02.17,2022-07-25,UU 16/2022
91.12.18,95.02.18,2022-07-25,UU 16/2022
91.12.19,95.02.19,2022-07-25,UU 16/2022
91.12.20,95.02.20,2022-07-25,UU 16/2022
91.12.21,95.02.21,2022-07-25,UU 16/2022
91.12.22,95.02.22,2022-07-25,UU 16/2022
91.12.23,95.02.23,2022-07-25,UU 16/2022
91.12.24,95.02.24,2022-07-25,UU 16/2022
91.12.25,95.02.25,2022-07-25,UU 16/2022
91.12.26,95.02.26,2022-07-25,UU 16/2022
91.12.27,95.02.27,2022-07-25,UU 16/2022
91.12.28,95.02.28,2022-07-25,UU 16/2022
91.12.29,95.02.29,2022-07-25,UU 16/2022
91.12.30,95.02.30,2022-07-25,UU 16/2022
91.12.31,95.02.31,2022-07-25,UU 16/2022
91.12.32,95.02.32,2022-07-25,UU 16/2022
91.12.33,95.02.33,2022-07-25,UU 16/2022
91.12.34,95.02.34,2022-07-25,UU 16/2022
91.13,95.03,2022-07-25,UU 16/2022
91.13.01,95.03.01,2022-07-25,UU 16/2022
91.13.02,95.03.02,2022-07-25,UU 16/2022
91.13.03,95.03.03,2022-07-25,UU 16/2022
91.13.06,95.03.04,2022-07-25,UU 16/2022
91.13.07,95.03.05,2022-07-25,UU 16/2022
91.13.08,95.03.06,2022-07-25,UU 16/2022
91.13.09,95.03.07,2022-07-25,UU 16/2022
91.13.10,95.03.08,2022-07-25,UU 16/2022
91.13.11,95.03.09,2022-07-25,UU 16/2022
91.13.12,95.03.10,2022-07-25,UU 16/2022
91.13.13,95.03.11,2022-07-25,UU 16/2022
91.13.14,95.03.12,2022-07-25,UU 16/2022
91.13.15,95.03.13,2022-07-25,UU 16/2022
91.13.16,95.03.14,2022-07-25,UU 16/2022
91.13.17,95.03.15,2022-07-25,UU 16/2022
91.13.18,95.03.16,2022-07-25,UU 16/2022
91.13.19,95.03.17,2022-07-25,UU 16/2022
91.13.20,95.03.18,2022-07-25,UU 16/2022
91.13.21,95.03.19,2022-07-25,UU 16/2022
91.13.22,95.03.20,2022-07-25,UU 16/2022
91.13.23,95.03.21,2022-07-25,UU 16/2022
91.13.24,95.03.22,2022-07-25,UU 16/2022
91.13.25,95.03.23,2022-07-25,UU 16/2022
91.13.26,95.03.24,2022-07-25,UU 16/2022
91.13.27,95.03.25,2022-07-25,UU 16/2022
91.13.28,95.03.26,2022-07-25,UU 16/2022
91.13.29,95.03.27,2022-07-25,UU 16/2022
91.13.30,95.03.28,2022-07-25,UU 16/2022
91.13.31,95.03.29,2022-07-25,UU 16/2022
91.13.32,95.03.30,2022-07-25,UU 16/2022
91.13.33,95.03.31,2022-07-25,UU 16/2022
91.13.34,95.03.32,2022-07-25,UU 16/2022
91.13.35,95.03.33,2022-07-25,UU 16/2022
91.13.36,95.03.34,2022-07-25,UU 16/2022
91.13.37,95.03.35,2022-07-25,UU 16/2022
91.13.38,95.03.36,2022-07-25,UU 16/2022
91.13.39,95.03.37,2022-07-25,UU 16/2022
91.13.40,95.03.38,2022-07-25,UU 16/2022
91.13.41,95.03.39,2022-07-25,UU 16/2022
91.13.42,95.03.40,2022-07-25,UU 16/2022
91.13.43,95.03.41,2022-07-25,UU 16/2022
91.13.44,95.03.42,2022-07-25,UU 16/2022
91.13.45,95.03.43,2022-07-25,UU 16/2022
91.13.46,95.03.44,2022-07-25,UU 16/2022
91.13.47,95.03.45,2022-07-25,UU 16/2022
91.13.48,95.03.46,2022-07-25,UU 16/2022
91.13.49,95.03.47,2022-07-25,UU 16/2022
91.13.50,95.03.48,2022-07-25,UU 16/2022
91.13.51,95.03.49,2022-07-25,UU 16/2022
91.13.52,95.03.50,2022-07-25,UU 16/2022
91.13.53,95.03.51,2022-07-25,UU 16/2022
91.14,95.04,2022-07-25,UU 16/2022
91.14.01,95.04.01,2022-07-25,UU 16/2022
91.14.02,95.04.02,2022-07-25,UU 16/2022
91.14.03,95.04.03,2022-07-25,UU 16/2022
91.14.04,95.04.04,2022-07-25,UU 16/2022
91.14.05,95.04.05,2022-07-25,UU 16/2022
91.14.06,95.04.06,2022-07-25,UU 16/2022
91.14.07,95.04.07,2022-07-25,UU 16/2022
91.14.08,95.04.08,2022-07-25,UU 16/2022
91.14.09,95.04.09,2022-07-25,UU 16/2022
91.14.10,95.04.10,2022-07-25,UU 16/2022
91.14.11,95.04.11,2022-07-25,UU 16/2022
91.14.12,95.04.12,2022-07-25,UU 16/2022
91.14.13,95.04.13,2022-07-25,UU 16/2022
91.14.14,95.04.14,2022-07-25,UU 16/2022
91.14.15,95.04.15,2022-07-25,UU 16/2022
91.14.16,95.04.16,2022-07-25,UU 16/2022
91.14.18,95.04.17,2022-07-25,UU 16/2022
91.14.19,95.04.18,2022-07-25,UU 16/2022
91.14.20,95.04.19,2022-07-25,UU 16/2022
91.14.21,95.04.20,2022-07-25,UU 16/2022
91.14.22,95.04.21,2022-07-25,UU 16/2022
91.14.23,95.04.22,2022-07-25,UU 16/2022
91.14.24,95.04.23,2022-07-25,UU 16/2022
91.14.25,95.04.24,2022-07-25,UU 16/2022
91.14.26,95.04.25,2022-07-25,UU 16/2022
91.14.27,95.04.26,2022-07-25,UU 16/2022
91.14.28,95.04.27,2022-07-25,UU 16/2022
91.14.29,95.04.28,2022-07-25,UU 16/2022
91.14.30,95.04.29,2022-07-25,UU 16/2022
91.14.31,95.04.30,2022-07-25,UU 16/2022
91.14.32,95.04.31,2022-07-25,UU 16/2022
91.14.33,95.04.32,2022-07-25,UU 16/2022
91.14.34,95.04.33,2022-07-25,UU 16/2022
91.14.35,95.04.34,2022-07-25,UU 16/2022
91.14.36,95.04.35,2022-07-25,UU 16/2022
91.14.37,95.04.36,2022-07-25,UU 16/2022
91.14.38,95.04.37,2022-07-25,UU 16/2022
91.14.39,95.04.38,2022-07-25,UU 16/2022
91.14.40,95.04.39,2022-07-25,UU 16/2022
91.14.41,95.04.40,2022-07-25,UU 16/2022
91.14.42,95.04.41,2022-07-25,UU 16/2022
91.14.43,95.04.42,2022-07-25,UU 16/2022
91.14.44,95.04.43,2022-07-25,UU 16/2022
91.14.45,95.04.44,2022-07-25,UU 16/2022
91.14.46,95.04.45,2022-07-25,UU 16/2022
91.14.47,95.04.46,2022-07-25,UU 16/2022
91.16,93.02,2022-07-25,UU 14/2022
91.16.01,93.02.01,2022-07-25,UU 14/2022
91.16.02,93.02.02,2022-07-25,UU 14/2022
91.16.03,93.02.03,2022-07-25,UU 14/2022
91.16.04,93.02.04,2022-07-25,UU 14/2022
91.16.05,93.02.05,2022-07-25,UU 14/2022
91.16.06,93.02.06,2022-07-25,UU 14/2022
91.16.07,93.02.07,2022-07-25,UU 14/2022
91.16.08,93.02.08,2022-07-25,UU 14/2022
91.16.09,93.02.09,2022-07-25,UU 14/2022
91.16.10,93.02.10,2022-07-25,UU 14/2022
91.16.11,93.02.11,2022-07-25,UU 14/2022
91.16.12,93.02.12,2022-07-25,UU 14/2022
91.16.13,93.02.13,2022-07-25,UU 14/2022
91.16.14,93.02.14,2022-07-25,UU 14/2022
91.16.15,93.02.15,2022-07-25,UU 14/2022
91.16.16,93.02.16,2022-07-25,UU 14/2022
91.16.17,93.02.17,2022-07-25,UU 14/2022
91.16.18,93.02.18,2022-07-25,UU 14/2022
91.16.19,93.02.19,2022-07-25,UU 14/2022
91.16.20,93.02.20,2022-07-25,UU 14/2022
91.17,93.03,2022-07-25,UU 14/2022
91.17.01,93.03.01,2022-07-25,UU 14/2022
91.17.02,93.03.02,2022-07-25,UU 14/2022
91.17.03,93.03.03,2022-07-25,UU 14/2022
91.17.04,93.03.04,2022-07-25,UU 14/2022
91.17.05,93.03.05,2022-07-25,UU 14/2022
91.17.06,93.03.06,2022-07-25,UU 14/2022
91.17.07,93.03.07,2022-07-25,UU 14/2022
91.17.08,93.03.08,2022-07-25,UU 14/2022
91.17.09,93.03.09,2022-07-25,UU 14/2022
91.17.10,93.03.10,2022-07-25,UU 14/2022
91.17.11,93.03.11,2022-07-25,UU 14/2022
91.17.12,93.03.12,2022-07-25,UU 14/2022
91.17.13,93.03.13,2022-07-25,UU 14/2022
91.17.14,93.03.14,2022-07-25,UU 14/2022
91.17.15,93.03.15,2022-07-25,UU 14/2022
91.18,93.04,2022-07-25,UU 14/2022
91.18.01,93.04.01,2022-07-25,UU 14/2022
91.18.02,93.04.02,2022-07-25,UU 14/2022
91.18.03,93.04.03,2022-07-25,UU 14/2022
91.18.04,93.04.04,2022-07-25,UU 14/2022
91.18.05,93.04.05,2022-07-25,UU 14/2022
91.18.06,93.04.06,2022-07-25,UU 14/2022
91.18.07,93.04.07,2022-07-25,UU 14/2022
91.18.08,93.04.08,2022-07-25,UU 14/2022
91.18.09,93.04.09,2022-07-25,UU 14/2022
91.18.10,93.04.10,2022-07-25,UU 14/2022
91.18.11,93.04.11,2022-07-25,UU 14/2022
91.18.12,93.04.12,2022-07-25,UU 14/2022
91.18.13,93.04.13,2022-07-25,UU 14/2022
91.18.14,93.04.14,2022-07-25,UU 14/2022
91.18.15,93.04.15,2022-07-25,UU 14/2022
91.18.16,93.04.16,2022-07-25,UU 14/2022
91.18.17,93.04.17,2022-07-25,UU 14/2022
91.18.18,93.04.18,2022-07-25,UU 14/2022
91.18.19,93.04.19,2022-07-25,UU 14/2022
91.18.20,93.04.20,2022-07-25,UU 14/2022
91.18.21,93.04.21,2022-07-25,UU 14/2022
91.18.22,93.04.22,2022-07-25,UU 14/2022
91.18.23,93.04.23,2022-07-25,UU 14/2022
91.21,95.05,2022-07-25,UU 16/2022
91.21.01,95.05.01,2022-07-25,UU 16/2022
91.21.02,95.05.02,2022-07-25,UU 16/2022
91.21.03,95.05.03,2022-07-25,UU 16/2022
91.21.04,95.05.04,2022-07-25,UU 16/2022
91.21.05,95.05.05,2022-07-25,UU 16/2022
91.22,95.06,2022-07-25,UU 16/2022
91.22.01,95.06.01,2022-07-25,UU 16/2022
91.22.02,95.06.02,2022-07-25,UU 16/2022
91.22.03,95.06.03,2022-07-25,UU 16/2022
91.22.04,95.06.04,2022-07-25,UU 16/2022
91.22.05,95.06.05,2022-07-25,UU 16/2022
91.23,95.07,2022-07-25,UU 16/2022
91.23.01,95.07.01,2022-07-25,UU 16/2022
91.23.02,95.07.02,2022-07-25,UU 16/2022
91.23.03,95.07.03,2022-07-25,UU 16/2022
91.23.04,95.07.04,2022-07-25,UU 16/2022
91.23.05,95.07.05,2022-07-25,UU 16/2022
91.23.06,95.07.06,2022-07-25,UU 16/2022
91.23.07,95.07.07,2022-07-25,UU 16/2022
91.23.08,95.07.08,2022-07-25,UU 16/2022
91.23.09,95.07.09,2022-07-25,UU 16/2022
91.23.10,95.07.10,2022-07-25,UU 16/2022
91.23.11,95.07.11,2022-07-25,UU 16/2022
91.23.12,95.07.12,2022-07-25,UU 16/2022
91.23.13,95.07.13,2022-07-25,UU 16/2022
91.23.14,95.07.14,2022-07-25,UU 16/2022
91.23.15,95.07.15,2022-07-25,UU 16/2022
91.23.16,95.07.16,2022-07-25,UU 16/2022
91.23.17,95.07.17,2022-07-25,UU 16/2022
91.23.18,95.07.18,2022-07-25,UU 16/2022
91.23.19,95.07.19,2022-07-25,UU 16/2022
91.23.20,95.07.20,2022-07-25,UU 16/2022
91.23.21,95.07.21,2022-07-25,UU 16/2022
91.23.22,95.07.22,2022-07-25,UU 16/2022
91.23.23,95.07.23,2022-07-25,UU 16/2022
91.23.24,95.07.24,2022-07-25,UU 16/2022
91.23.25,95.07.25,2022-07-25,UU 16/2022
91.23.26,95.07.26,2022-07-25,UU 16/2022
91.23.27,95.07.27,2022-07-25,UU 16/2022
91.23.28,95.07.28,2022-07-25,UU 16/2022
91.23.29,95.07.29,2022-07-25,UU 16/2022
91.23.30,95.07.30,2022-07-25,UU 16/2022
91.23.31,95.07.31,2022-07-25,UU 16/2022
91.23.32,95.07.32,2022-07-25,UU 16/2022
91.23.33,95.07.33,2022-07-25,UU 16/2022
91.23.34,95.07.34,2022-07-25,UU 16/2022
91.23.35,95.07.35,2022-07-25,UU 16/2022
91.23.36,95.07.36,2022-07-25,UU 16/2022
91.23.37,95.07.37,2022-07-25,UU 16/2022
91.23.38,95.07.38,2022-07-25,UU 16/2022
91.23.39,95.07.39,2022-07-25,UU 16/2022
91.24,95.08,2022-07-25,UU 16/2022
91.24.01,95.08.01,2022-07-25,UU 16/2022
91.24.02,95.08.02,2022-07-25,UU 16/2022
91.24.03,95.08.03,2022-07-25,UU 16/2022
91.24.04,95.08.04,2022-07-25,UU 16/2022
91.24.05,95.08.05,2022-07-25,UU 16/2022
91.24.06,95.08.06,2022-07-25,UU 16/2022
91.24.07,95.08.07,2022-07-25,UU 16/2022
91.24.08,95.08.08,2022-07-25,UU 16/2022
91.24.09,95.08.09,2022-07-25,UU 16/2022
91.24.10,95.08.10,2022-07-25,UU 16/2022
91.24.11,95.08.11,2022-07-25,UU 16/2022
91.24.12,95.08.12,2022-07-25,UU 16/2022
91.24.13,95.08.13,2022-07-25,UU 16/2022
91.24.14,95.08.14,2022-07-25,UU 16/2022
91.24.15,95.08.15,2022-07-25,UU 16/2022
91.24.16,95.08.16,2022-07-25,UU 16/2022
91.24.17,95.08.17,2022-07-25,UU 16/2022
91.24.18,95.08.18,2022-07-25,UU 16/2022
91.24.19,95.08.19,2022-07-25,UU 16/2022
91.24.20,95.08.20,2022-07-25,UU 16/2022
91.24.21,95.08.21,2022-07-25,UU 16/2022
91.24.22,95.08.22,2022-07-25,UU 16/2022
91.24.23,95.08.23,2022-07-25,UU 16/2022
91.24.24,95.08.24,2022-07-25,UU 16/2022
91.24.25,95.08.25,2022-07-25,UU 16/2022
91.24.26,95.08.26,2022-07-25,UU 16/2022
91.24.27,95.08.27,2022-07-25,UU 16/2022
91.24.28,95.08.28,2022-07-25,UU 16/2022
91.24.29,95.08.29,2022-07-25,UU 16/2022
91.24.30,95.08.30,2022-07-25,UU 16/2022
91.24.31,95.08.31,2022-07-25,UU 16/2022
91.24.32,95.08.32,2022-07-25,UU 16/2022
91.25,94.05,2022-07-25,UU 15/2022
91.25.01,94.05.01,2022-07-25,UU 15/2022
91.25.02,94.05.02,2022-07-25,UU 15/2022
91.25.03,94.05.03,2022-07-25,UU 15/2022
91.25.04,94.05.04,2022-07-25,UU 15/2022
91.25.05,94.05.05,2022-07-25,UU 15/2022
91.25.06,94.05.06,2022-07-25,UU 15/2022
91.25.07,94.05.07,2022-07-25,UU 15/2022
91.25.08,94.05.08,2022-07-25,UU 15/2022
91.25.09,94.05.09,2022-07-25,UU 15/2022
91.25.10,94.05.10,2022-07-25,UU 15/2022
91.25.11,94.05.11,2022-07-25,UU 15/2022
91.25.12,94.05.12,2022-07-25,UU 15/2022
91.25.13,94.05.13,2022-07-25,UU 15/2022
91.25.14,94.05.14,2022-07-25,UU 15/2022
91.25.15,94.05.15,2022-07-25,UU 15/2022
91.25.16,94.05.16,2022-07-25,UU 15/2022
91.25.17,94.05.17,2022-07-25,UU 15/2022
91.25.18,94.05.18,2022-07-25,UU 15/2022
91.25.19,94.05.19,2022-07-25,UU 15/2022
91.25.20,94.05.20,2022-07-25,UU 15/2022
91.25.21,94.05.21,2022-07-25,UU 15/2022
91.25.22,94.05.22,2022-07-25,UU 15/2022
91.25.23,94.05.23,2022-07-25,UU 15/2022
91.25.24,94.05.24,2022-07-25,UU 15/2022
91.25.25,94.05.25,2022-07-25,UU 15/2022
91.26,94.06,2022-07-25,UU 15/2022
91.26.01,94.06.01,2022-07-25,UU 15/2022
91.26.02,94.06.02,2022-07-25,UU 15/2022
91.26.03,94.06.03,2022-07-25,UU 15/2022
91.26.04,94.06.04,2022-07-25,UU 15/2022
91.26.05,94.06.05,2022-07-25,UU 15/2022
91.26.06,94.06.06,2022-07-25,UU 15/2022
91.26.07,94.06.07,2022-07-25,UU 15/2022
91.26.08,94.06.08,2022-07-25,UU 15/2022
91.26.09,94.06.09,2022-07-25,UU 15/2022
91.26.10,94.06.10,2022-07-25,UU 15/2022
91.27,94.07,2022-07-25,UU 15/2022
91.27.01,94.07.01,2022-07-25,UU 15/2022
91.27.02,94.07.02,2022-07-25,UU 15/2022
91.27.03,94.07.03,2022-07-25,UU 15/2022
91.27.04,94.07.04,2022-07-25,UU 15/2022
91.27.05,94.07.05,2022-07-25,UU 15/2022
91.27.06,94.07.06,2022-07-25,UU 15/2022
91.27.07,94.07.07,2022-07-25,UU 15/2022
91.27.08,94.07.08,2022-07-25,UU 15/2022
91.28,94.08,2022-07-25,UU 15/2022
91.28.01,94.08.01,2022-07-25,UU 15/2022
91.28.02,94.08.02,2022-07-25,UU 15/2022
91.28.03,94.08.03,2022-07-25,UU 15/2022
91.28.04,94.08.04,2022-07-25,UU 15/2022
91.28.05,94.08.05,2022-07-25,UU 15/2022
92.01,96.01,2022-12-08,UU 29/2022
92.01.01,96.01.01,2022-12-08,UU 29/2022
92.01.04,96.01.02,2022-12-08,UU 29/2022
92.01.05,96.01.03,2022-12-08,UU 29/2022
92.01.06,96.01.04,2022-12-08,UU 29/2022
92.01.07,96.01.05,2022-12-08,UU 29/2022
92.01.08,96.01.06,2022-12-08,UU 29/2022
92.01.10,96.01.07,2022-12-08,UU 29/2022
92.01.12,96.01.08,2022-12-08,UU 29/2022
92.01.13,96.01.09,2022-12-08,UU 29/2022
92.01.14,96.01.10,2022-12-08,UU 29/2022
92.01.17,96.01.11,2022-12-08,UU 29/2022
92.01.18,96.01.12,2022-12-08,UU 29/2022
92.01.20,96.01.13,2022-12-08,UU 29/2022
92.01.39,96.01.14,2022-12-08,UU 29/2022
92.01.40,96.01.15,2022-12-08,UU 29/2022
92.01.41,96.01.16,2022-12-08,UU 29/2022
92.01.42,96.01.17,2022-12-08,UU 29/2022
92.01.43,96.01.18,2022-12-08,UU 29/2022
92.01.44,96.01.19,2022-12-08,UU 29/2022
92.01.45,96.01.20,2022-12-08,UU 29/2022
92.01.46,96.01.21,2022-12-08,UU 29/2022
92.01.47,96.01.22,2022-12-08,UU 29/2022
92.01.48,96.01.23,2022-12-08,UU 29/2022
92.01.49,96.01.24,2022-12-08,UU 29/2022
92.01.50,96.01.25,2022-12-08,UU 29/2022
92.01.51,96.01.26,2022-12-08,UU 29/2022
92.01.52,96.01.27,2022-12-08,UU 29/2022
92.01.53,96.01.28,2022-12-08,UU 29/2022
92.01.54,96.01.29,2022-12-08,UU 29/2022
92.01.55,96.01.30,2022-12-08,UU 29/2022
92.04,96.02,2022-12-08,UU 29/2022
92.04.01,96.02.01,2022-12-08,UU 29/2022
92.04.04,96.02.02,2022-12-08,UU 29/2022
92.04.06,96.02.03,2022-12-08,UU 29/2022
92.04.09,96.02.04,2022-12-08,UU 29/2022
92.04.10,96.02.05,2022-12-08,UU 29/2022
92.04.11,96.02.06,2022-12-08,UU 29/2022
92.04.12,96.02.07,2022-12-08,UU 29/2022
92.04.14,96.02.08,2022-12-08,UU 29/2022
92.04.15,96.02.09,2022-12-08,UU 29/2022
92.04.20,96.02.10,2022-12-08,UU 29/2022
92.04.21,96.02.11,2022-12-08,UU 29/2022
92.04.22,96.02.12,2022-12-08,UU 29/2022
92.04.24,96.02.13,2022-12-08,UU 29/2022
92.04.25,96.02.14,2022-12-08,UU 29/2022
92.04.26,96.02.15,2022-12-08,UU 29/2022
92.05,96.03,2022-12-08,UU 29/2022
92.05.01,96.03.01,2022-12-08,UU 29/2022
92.05.02,96.03.02,2022-12-08,UU 29/2022
92.05.03,96.03.03,2022-12-08,UU 29/2022
92.05.04,96.03.04,2022-12-08,UU 29/2022
92.05.05,96.03.23,2022-12-08,UU 29/2022
92.05.06,96.03.06,2022-12-08,UU 29/2022
92.05.07,96.03.07,2022-12-08,UU 29/2022
92.05.08,96.03.08,2022-12-08,UU 29/2022
92.05.09,96.03.09,2022-12-08,UU 29/2022
92.05.10,96.03.10,2022-12-08,UU 29/2022
92.05.11,96.03.11,2022-12-08,UU 29/2022
92.05.13,96.03.12,2022-12-08,UU 29/2022
92.05.14,96.03.13,2022-12-08,UU 29/2022
92.05.15,96.03.14,2022-12-08,UU 29/2022
92.05.16,96.03.15,2022-12-08,UU 29/2022
92.05.17,96.03.16,2022-12-08,UU 29/2022
92.05.18,96.03.17,2022-12-08,UU 29/2022
92.05.19,96.03.18,2022-12-08,UU 29/2022
92.05.20,96.03.19,2022-12-08,UU 29/2022
92.05.21,96.03.20,2022-12-08,UU 29/2022
92.05.22,96.03.21,2022-12-08,UU 29/2022
92.05.23,96.03.22,2022-12-08,UU 29/2022
92.05.24,96.03.05,2022-12-08,UU 29/2022
92.05.25,96.03.24,2022-12-08,UU 29/2022
92.09,96.04,2022-12-08,UU 29/2022
92.09.01,96.04.01,2022-12-08,UU 29/2022
92.09.02,96.04.02,2022-12-08,UU 29/2022
92.09.03,96.04.03,2022-12-08,UU 29/2022
92.09.04,96.04.04,2022-12-08,UU 29/2022
92.09.05,96.04.05,2022-12-08,UU 29/2022
92.09.06,96.04.06,2022-12-08,UU 29/2022
92.09.07,96.04.07,2022-12-08,UU 29/2022
92.09.08,96.04.08,2022-12-08,UU 29/2022
92.09.09,96.04.09,2022-12-08,UU 29/2022
92.09.10,96.04.10,2022-12-08,UU 29/2022
92.09.11,96.04.11,2022-12-08,UU 29/2022
92.09.12,96.04.12,2022-12-08,UU 29/2022
92.09.13,96.04.13,2022-12-08,UU 29/2022
92.09.14,96.04.14,2022-12-08,UU 29/2022
92.09.15,96.04.15,2022-12-08,UU 29/2022
92.09.16,96.04.16,2022-12-08,UU 29/2022
92.09.17,96.04.17,2022-12-08,UU 29/2022
92.09.18,96.04.18,2022-12-08,UU 29/2022
92.09.19,96.04.19,2022-12-08,UU 29/2022
92.09.20,96.04.20,2022-12-08,UU 29/2022
92.09.21,96.04.21,2022-12-08,UU 29/2022
92.09.22,96.04.22,2022-12-08,UU 29/2022
92.09.23,96.04.23,2022-12-08,UU 29/2022
92.09.24,96.04.24,2022-12-08,UU 29/2022
92.09.25,96.04.25,2022-12-08,UU 29/2022
92.09.26,96.04.26,2022-12-08,UU 29/2022
92.09.27,96.04.27,2022-12-08,UU 29/2022
92.09.28,96.04.28,2022-12-08,UU 29/2022
92.09.29,96.04.29,2022-12-08,UU 29/2022
92.10,96.05,2022-12-08,UU 29/2022
92.10.01,96.05.01,2022-12-08,UU 29/2022
92.10.02,96.05.02,2022-12-08,UU 29/2022
92.10.03,96.05.03,2022-12-08,UU 29/2022
92.10.04,96.05.04,2022-12-08,UU 29/2022
92.10.05,96.05.05,2022-12-08,UU 29/2022
92.10.06,96.05.06,2022-12-08,UU 29/2022
92.10.07,96.05.07,2022-12-08,UU 29/2022
92.10.08,96.05.08,2022-12-08,UU 29/2022
92.10.09,96.05.09,2022-12-08,UU 29/2022
92.10.10,96.05.10,2022-12-08,UU 29/2022
92.10.11,96.05.11,2022-12-08,UU 29/2022
92.10.12,96.05.12,2022-12-08,UU 29/2022
92.10.13,96.05.13,2022-12-08,UU 29/2022
92.10.14,96.05.14,2022-12-08,UU 29/2022
92.10.15,96.05.15,2022-12-08,UU 29/2022
92.10.16,96.05.16,2022-12-08,UU 29/2022
92.10.17,96.05.17,2022-12-08,UU 29/2022
92.10.18,96.05.18,2022-12-08,UU 29/2022
92.10.19,96.05.19,2022-12-08,UU 29/2022
92.10.20,96.05.20,2022-12-08,UU 29/2022
92.10.21,96.05.21,2022-12-08,UU 29/2022
92.10.22,96.05.22,2022-12-08,UU 29/2022
92.10.23,96.05.23,2022-12-08,UU 29/2022
92.10.24,96.05.24,2022-12-08,UU 29/2022
92.71,96.71,2022-12-08,UU 29/2022
92.71.01,96.71.01,2022-12-08,UU 29/2022
92.71.02,96.71.02,2022-12-08,UU 29/2022
92.71.03,96.71.03,2022-12-08,UU 29/2022
92.71.04,96.71.04,2022-12-08,UU 29/2022
92.71.05,96.71.05,2022-12-08,UU 29/2022
92.71.06,96.71.06,2022-12-08,UU 29/2022
92.71.07,96.71.07,2022-12-08,UU 29/2022
92.71.08,96.71.08,2022-12-08,UU 29/2022
92.71.09,96.71.09,2022-12-08,UU 29/2022
92.71.10,96.71.10,2022-12-08,UU 29/2022
